DELETE FROM modules.regra_avaliacao;
DELETE FROM pmieducar.serie;
DELETE FROM pmieducar.turma;
INSERT INTO modules.regra_avaliacao (id, instituicao_id, formula_media_id, formula_recuperacao_id, tabela_arredondamento_id, nome, tipo_nota, tipo_progressao, media, porcentagem_presenca, parecer_descritivo, tipo_presenca, media_recuperacao, tipo_recuperacao_paralela, media_recuperacao_paralela, nota_maxima_geral, nota_maxima_exame_final, qtd_casas_decimais, nota_geral_por_etapa, qtd_disciplinas_dependencia, aprova_media_disciplina, reprovacao_automatica, definir_componente_etapa, qtd_matriculas_dependencia, nota_minima_geral, tabela_arredondamento_id_conceitual, regra_diferenciada_id) VALUES (3, 1, 1, null, 4, 'Regra avaliação 2,3 - Falta Global (Não Reprova)', 1, 2, 5.000, 75.000, 6, 1, 5.000, 0, null, 10, 10, 2, 0, 0, 0, 0, 0, 0, 0, null, null);
INSERT INTO modules.regra_avaliacao (id, instituicao_id, formula_media_id, formula_recuperacao_id, tabela_arredondamento_id, nome, tipo_nota, tipo_progressao, media, porcentagem_presenca, parecer_descritivo, tipo_presenca, media_recuperacao, tipo_recuperacao_paralela, media_recuperacao_paralela, nota_maxima_geral, nota_maxima_exame_final, qtd_casas_decimais, nota_geral_por_etapa, qtd_disciplinas_dependencia, aprova_media_disciplina, reprovacao_automatica, definir_componente_etapa, qtd_matriculas_dependencia, nota_minima_geral, tabela_arredondamento_id_conceitual, regra_diferenciada_id) VALUES (4, 1, 1, 2, 6, 'Regra de avaliação quantitativa - Falta Global', 1, 2, 7.000, 75.000, 3, 1, 14.000, 0, null, 10, 10, 2, 0, 0, 0, 0, 0, 0, 0, null, null);
INSERT INTO modules.regra_avaliacao (id, instituicao_id, formula_media_id, formula_recuperacao_id, tabela_arredondamento_id, nome, tipo_nota, tipo_progressao, media, porcentagem_presenca, parecer_descritivo, tipo_presenca, media_recuperacao, tipo_recuperacao_paralela, media_recuperacao_paralela, nota_maxima_geral, nota_maxima_exame_final, qtd_casas_decimais, nota_geral_por_etapa, qtd_disciplinas_dependencia, aprova_media_disciplina, reprovacao_automatica, definir_componente_etapa, qtd_matriculas_dependencia, nota_minima_geral, tabela_arredondamento_id_conceitual, regra_diferenciada_id) VALUES (2, 1, 1, null, 2, 'Regra de avaliação qualitativa', 2, 1, 6.000, 80.000, 0, 2, 6.000, 0, null, 10, 10, 5, 0, 0, 0, 0, 0, 0, 0, null, null);
INSERT INTO modules.regra_avaliacao (id, instituicao_id, formula_media_id, formula_recuperacao_id, tabela_arredondamento_id, nome, tipo_nota, tipo_progressao, media, porcentagem_presenca, parecer_descritivo, tipo_presenca, media_recuperacao, tipo_recuperacao_paralela, media_recuperacao_paralela, nota_maxima_geral, nota_maxima_exame_final, qtd_casas_decimais, nota_geral_por_etapa, qtd_disciplinas_dependencia, aprova_media_disciplina, reprovacao_automatica, definir_componente_etapa, qtd_matriculas_dependencia, nota_minima_geral, tabela_arredondamento_id_conceitual, regra_diferenciada_id) VALUES (5, 1, 1, null, 3, 'Regra de avaliação - Educação Infantil', 2, 1, 5.000, 0.000, 3, 1, 5.000, 0, null, 10, 10, 5, 0, 0, 0, 0, 0, 0, 0, null, null);
INSERT INTO modules.regra_avaliacao (id, instituicao_id, formula_media_id, formula_recuperacao_id, tabela_arredondamento_id, nome, tipo_nota, tipo_progressao, media, porcentagem_presenca, parecer_descritivo, tipo_presenca, media_recuperacao, tipo_recuperacao_paralela, media_recuperacao_paralela, nota_maxima_geral, nota_maxima_exame_final, qtd_casas_decimais, nota_geral_por_etapa, qtd_disciplinas_dependencia, aprova_media_disciplina, reprovacao_automatica, definir_componente_etapa, qtd_matriculas_dependencia, nota_minima_geral, tabela_arredondamento_id_conceitual, regra_diferenciada_id) VALUES (6, 1, 1, null, 1, 'Regra avaliação 1º - Falta Global (Não Reprova)', 3, 2, 4.000, 75.000, 0, 1, 5.000, 0, null, 10, 10, 5, 0, 0, 0, 0, 0, 0, 0, 5, 1);
INSERT INTO modules.regra_avaliacao (id, instituicao_id, formula_media_id, formula_recuperacao_id, tabela_arredondamento_id, nome, tipo_nota, tipo_progressao, media, porcentagem_presenca, parecer_descritivo, tipo_presenca, media_recuperacao, tipo_recuperacao_paralela, media_recuperacao_paralela, nota_maxima_geral, nota_maxima_exame_final, qtd_casas_decimais, nota_geral_por_etapa, qtd_disciplinas_dependencia, aprova_media_disciplina, reprovacao_automatica, definir_componente_etapa, qtd_matriculas_dependencia, nota_minima_geral, tabela_arredondamento_id_conceitual, regra_diferenciada_id) VALUES (1, 1, 1, 2, 6, 'Regra de avaliação quantitativa - Falta Disciplina', 1, 2, 7.000, 75.000, 0, 2, 14.000, 0, null, 10, 10, 2, 0, 0, 0, 0, 0, 0, 0, null, 5);
INSERT INTO modules.regra_avaliacao (id, instituicao_id, formula_media_id, formula_recuperacao_id, tabela_arredondamento_id, nome, tipo_nota, tipo_progressao, media, porcentagem_presenca, parecer_descritivo, tipo_presenca, media_recuperacao, tipo_recuperacao_paralela, media_recuperacao_paralela, nota_maxima_geral, nota_maxima_exame_final, qtd_casas_decimais, nota_geral_por_etapa, qtd_disciplinas_dependencia, aprova_media_disciplina, reprovacao_automatica, definir_componente_etapa, qtd_matriculas_dependencia, nota_minima_geral, tabela_arredondamento_id_conceitual, regra_diferenciada_id) VALUES (7, 1, 1, null, 1, 'Test', 1, 1, 0.000, 75.000, 0, 1, 0.000, 0, null, 5, 5, 2, 0, 2, 0, 0, 0, 2, 5, null, 1);


INSERT INTO pmieducar.serie (cod_serie, ref_usuario_exc, ref_usuario_cad, ref_cod_curso, nm_serie, etapa_curso, concluinte, carga_horaria, data_cadastro, data_exclusao, ativo, intervalo, idade_inicial, idade_final, regra_avaliacao_id, observacao_historico, dias_letivos, regra_avaliacao_diferenciada_id, alerta_faixa_etaria, bloquear_matricula_faixa_etaria, idade_ideal, exigir_inep) VALUES (3, 1, 1, 1180, '3º Ano', 3, 1, 800, '2013-02-02 00:00:00.000000', '2013-12-04 11:05:12.771805', 1, 1, null, null, 4, '', 200, null, null, null, null, null);
INSERT INTO pmieducar.serie (cod_serie, ref_usuario_exc, ref_usuario_cad, ref_cod_curso, nm_serie, etapa_curso, concluinte, carga_horaria, data_cadastro, data_exclusao, ativo, intervalo, idade_inicial, idade_final, regra_avaliacao_id, observacao_historico, dias_letivos, regra_avaliacao_diferenciada_id, alerta_faixa_etaria, bloquear_matricula_faixa_etaria, idade_ideal, exigir_inep) VALUES (1, 1, 1, 1180, '1º Ano', 1, 1, 800, '2013-02-02 00:00:00.000000', '2013-12-16 09:31:23.432678', 1, 1, null, null, 6, '', 200, null, null, null, null, null);
INSERT INTO pmieducar.serie (cod_serie, ref_usuario_exc, ref_usuario_cad, ref_cod_curso, nm_serie, etapa_curso, concluinte, carga_horaria, data_cadastro, data_exclusao, ativo, intervalo, idade_inicial, idade_final, regra_avaliacao_id, observacao_historico, dias_letivos, regra_avaliacao_diferenciada_id, alerta_faixa_etaria, bloquear_matricula_faixa_etaria, idade_ideal, exigir_inep) VALUES (14, 1, 1, 2, 'Integral', 2, 1, 75, '2013-03-11 11:22:58.224411', '2016-09-20 15:39:22.560098', 1, 1, null, null, 5, '', 200, null, false, false, null, false);
INSERT INTO pmieducar.serie (cod_serie, ref_usuario_exc, ref_usuario_cad, ref_cod_curso, nm_serie, etapa_curso, concluinte, carga_horaria, data_cadastro, data_exclusao, ativo, intervalo, idade_inicial, idade_final, regra_avaliacao_id, observacao_historico, dias_letivos, regra_avaliacao_diferenciada_id, alerta_faixa_etaria, bloquear_matricula_faixa_etaria, idade_ideal, exigir_inep) VALUES (4, 1, 1, 1180, '4º Ano', 4, 1, 800, '2013-02-02 00:00:00.000000', '2013-03-11 11:07:17.234802', 1, 1, null, null, 4, '', 200, null, null, null, null, null);
INSERT INTO pmieducar.serie (cod_serie, ref_usuario_exc, ref_usuario_cad, ref_cod_curso, nm_serie, etapa_curso, concluinte, carga_horaria, data_cadastro, data_exclusao, ativo, intervalo, idade_inicial, idade_final, regra_avaliacao_id, observacao_historico, dias_letivos, regra_avaliacao_diferenciada_id, alerta_faixa_etaria, bloquear_matricula_faixa_etaria, idade_ideal, exigir_inep) VALUES (5, 1, 1, 1180, '5º Ano', 5, 1, 800, '2013-02-02 00:00:00.000000', '2013-03-11 11:07:30.548197', 1, 1, null, null, 4, '', 200, null, null, null, null, null);
INSERT INTO pmieducar.serie (cod_serie, ref_usuario_exc, ref_usuario_cad, ref_cod_curso, nm_serie, etapa_curso, concluinte, carga_horaria, data_cadastro, data_exclusao, ativo, intervalo, idade_inicial, idade_final, regra_avaliacao_id, observacao_historico, dias_letivos, regra_avaliacao_diferenciada_id, alerta_faixa_etaria, bloquear_matricula_faixa_etaria, idade_ideal, exigir_inep) VALUES (6, 1, 1, 1181, '6º Ano', 6, 1, 800, '2013-02-02 00:00:00.000000', '2013-03-11 11:07:43.630968', 1, 1, null, null, 1, '', 200, null, null, null, null, null);
INSERT INTO pmieducar.serie (cod_serie, ref_usuario_exc, ref_usuario_cad, ref_cod_curso, nm_serie, etapa_curso, concluinte, carga_horaria, data_cadastro, data_exclusao, ativo, intervalo, idade_inicial, idade_final, regra_avaliacao_id, observacao_historico, dias_letivos, regra_avaliacao_diferenciada_id, alerta_faixa_etaria, bloquear_matricula_faixa_etaria, idade_ideal, exigir_inep) VALUES (10, 1, 1, 1181, '7º Ano', 7, 1, 800, '2013-03-11 09:43:55.260391', '2013-03-11 11:07:58.172470', 1, 1, null, null, 1, '', 200, null, null, null, null, null);
INSERT INTO pmieducar.serie (cod_serie, ref_usuario_exc, ref_usuario_cad, ref_cod_curso, nm_serie, etapa_curso, concluinte, carga_horaria, data_cadastro, data_exclusao, ativo, intervalo, idade_inicial, idade_final, regra_avaliacao_id, observacao_historico, dias_letivos, regra_avaliacao_diferenciada_id, alerta_faixa_etaria, bloquear_matricula_faixa_etaria, idade_ideal, exigir_inep) VALUES (11, 1, 1, 1181, '8º Ano', 8, 1, 800, '2013-03-11 09:48:43.202485', '2013-03-11 11:08:08.014211', 1, 1, null, null, 1, '', 200, null, null, null, null, null);
INSERT INTO pmieducar.serie (cod_serie, ref_usuario_exc, ref_usuario_cad, ref_cod_curso, nm_serie, etapa_curso, concluinte, carga_horaria, data_cadastro, data_exclusao, ativo, intervalo, idade_inicial, idade_final, regra_avaliacao_id, observacao_historico, dias_letivos, regra_avaliacao_diferenciada_id, alerta_faixa_etaria, bloquear_matricula_faixa_etaria, idade_ideal, exigir_inep) VALUES (12, 1, 1, 1181, '9º Ano', 9, 1, 800, '2013-03-11 09:49:12.300755', '2013-03-11 11:08:19.751638', 1, 1, null, null, 1, '', 200, null, null, null, null, null);
INSERT INTO pmieducar.serie (cod_serie, ref_usuario_exc, ref_usuario_cad, ref_cod_curso, nm_serie, etapa_curso, concluinte, carga_horaria, data_cadastro, data_exclusao, ativo, intervalo, idade_inicial, idade_final, regra_avaliacao_id, observacao_historico, dias_letivos, regra_avaliacao_diferenciada_id, alerta_faixa_etaria, bloquear_matricula_faixa_etaria, idade_ideal, exigir_inep) VALUES (7, 1, 1, 664, '6a Série', 1, 1, 800, '2013-02-02 00:00:00.000000', '2013-03-11 11:08:43.219219', 1, 1, null, null, 1, '', 200, null, null, null, null, null);
INSERT INTO pmieducar.serie (cod_serie, ref_usuario_exc, ref_usuario_cad, ref_cod_curso, nm_serie, etapa_curso, concluinte, carga_horaria, data_cadastro, data_exclusao, ativo, intervalo, idade_inicial, idade_final, regra_avaliacao_id, observacao_historico, dias_letivos, regra_avaliacao_diferenciada_id, alerta_faixa_etaria, bloquear_matricula_faixa_etaria, idade_ideal, exigir_inep) VALUES (8, 1, 1, 664, '7a Série', 2, 1, 800, '2013-02-02 00:00:00.000000', '2013-03-11 11:09:01.225544', 1, 1, null, null, 1, '', 200, null, null, null, null, null);
INSERT INTO pmieducar.serie (cod_serie, ref_usuario_exc, ref_usuario_cad, ref_cod_curso, nm_serie, etapa_curso, concluinte, carga_horaria, data_cadastro, data_exclusao, ativo, intervalo, idade_inicial, idade_final, regra_avaliacao_id, observacao_historico, dias_letivos, regra_avaliacao_diferenciada_id, alerta_faixa_etaria, bloquear_matricula_faixa_etaria, idade_ideal, exigir_inep) VALUES (9, 1, 1, 664, '8a Série', 3, 1, 800, '2013-02-02 00:00:00.000000', '2013-03-11 11:09:17.625312', 1, 1, null, null, 1, '', 200, null, null, null, null, null);
INSERT INTO pmieducar.serie (cod_serie, ref_usuario_exc, ref_usuario_cad, ref_cod_curso, nm_serie, etapa_curso, concluinte, carga_horaria, data_cadastro, data_exclusao, ativo, intervalo, idade_inicial, idade_final, regra_avaliacao_id, observacao_historico, dias_letivos, regra_avaliacao_diferenciada_id, alerta_faixa_etaria, bloquear_matricula_faixa_etaria, idade_ideal, exigir_inep) VALUES (2, 1, 1, 1180, '2º Ano', 2, 1, 800, '2013-02-02 00:00:00.000000', '2016-04-15 14:28:13.802743', 1, 1, null, null, 6, '', 200, null, false, false, null, null);
INSERT INTO pmieducar.serie (cod_serie, ref_usuario_exc, ref_usuario_cad, ref_cod_curso, nm_serie, etapa_curso, concluinte, carga_horaria, data_cadastro, data_exclusao, ativo, intervalo, idade_inicial, idade_final, regra_avaliacao_id, observacao_historico, dias_letivos, regra_avaliacao_diferenciada_id, alerta_faixa_etaria, bloquear_matricula_faixa_etaria, idade_ideal, exigir_inep) VALUES (15, 1, 1, 2, 'Pré-escolar', 3, 1, 800, '2013-03-25 10:21:16.027627', '2016-08-09 16:35:54.474754', 1, 1, null, null, 5, '', 200, null, false, false, null, false);
INSERT INTO pmieducar.serie (cod_serie, ref_usuario_exc, ref_usuario_cad, ref_cod_curso, nm_serie, etapa_curso, concluinte, carga_horaria, data_cadastro, data_exclusao, ativo, intervalo, idade_inicial, idade_final, regra_avaliacao_id, observacao_historico, dias_letivos, regra_avaliacao_diferenciada_id, alerta_faixa_etaria, bloquear_matricula_faixa_etaria, idade_ideal, exigir_inep) VALUES (13, 1, 1, 2, 'Creche', 1, 1, 75, '2013-03-11 11:22:33.752786', '2016-09-20 15:39:35.403450', 1, 1, null, null, 5, '', 200, null, false, false, null, false);


INSERT INTO pmieducar.turma (cod_turma, ref_usuario_exc, ref_usuario_cad, ref_ref_cod_serie, ref_ref_cod_escola, ref_cod_infra_predio_comodo, nm_turma, sgl_turma, max_aluno, multiseriada, data_cadastro, data_exclusao, ativo, ref_cod_turma_tipo, hora_inicial, hora_final, hora_inicio_intervalo, hora_fim_intervalo, ref_cod_regente, ref_cod_instituicao_regente, ref_cod_instituicao, ref_cod_curso, ref_ref_cod_serie_mult, ref_ref_cod_escola_mult, visivel, tipo_boletim, turma_turno_id, ano, tipo_atendimento, turma_mais_educacao, atividade_complementar_1, atividade_complementar_2, atividade_complementar_3, atividade_complementar_4, atividade_complementar_5, atividade_complementar_6, aee_braille, aee_recurso_optico, aee_estrategia_desenvolvimento, aee_tecnica_mobilidade, aee_libras, aee_caa, aee_curricular, aee_soroban, aee_informatica, aee_lingua_escrita, aee_autonomia, cod_curso_profissional, etapa_educacenso, ref_cod_disciplina_dispensada, parecer_1_etapa, parecer_2_etapa, parecer_3_etapa, parecer_4_etapa, nao_informar_educacenso, tipo_mediacao_didatico_pedagogico, tipo_boletim_diferenciado, dias_semana, atividades_complementares, atividades_aee) VALUES (690, 17219, 4270, 15, 6, null, 'NÍVEL IV', '', 25, 0, '2017-12-15 17:33:20.408201', '2018-07-05 15:18:15.083508', 1, 1, '12:50:00', '16:50:00', '14:30:00', '15:00:00', null, 1, 1, 2, null, null, true, 47, 2, 2018, null, null, null, null, null, null, null, null, null, null, null, null, null, null, null, null, null, null, null, null, null, null, null, null, null, null, 0, 1, null, null, null, null);
INSERT INTO pmieducar.turma (cod_turma, ref_usuario_exc, ref_usuario_cad, ref_ref_cod_serie, ref_ref_cod_escola, ref_cod_infra_predio_comodo, nm_turma, sgl_turma, max_aluno, multiseriada, data_cadastro, data_exclusao, ativo, ref_cod_turma_tipo, hora_inicial, hora_final, hora_inicio_intervalo, hora_fim_intervalo, ref_cod_regente, ref_cod_instituicao_regente, ref_cod_instituicao, ref_cod_curso, ref_ref_cod_serie_mult, ref_ref_cod_escola_mult, visivel, tipo_boletim, turma_turno_id, ano, tipo_atendimento, turma_mais_educacao, atividade_complementar_1, atividade_complementar_2, atividade_complementar_3, atividade_complementar_4, atividade_complementar_5, atividade_complementar_6, aee_braille, aee_recurso_optico, aee_estrategia_desenvolvimento, aee_tecnica_mobilidade, aee_libras, aee_caa, aee_curricular, aee_soroban, aee_informatica, aee_lingua_escrita, aee_autonomia, cod_curso_profissional, etapa_educacenso, ref_cod_disciplina_dispensada, parecer_1_etapa, parecer_2_etapa, parecer_3_etapa, parecer_4_etapa, nao_informar_educacenso, tipo_mediacao_didatico_pedagogico, tipo_boletim_diferenciado, dias_semana, atividades_complementares, atividades_aee) VALUES (713, 17219, 4269, 15, 3, null, 'NÍVEL IV ', '', 25, 0, '2017-12-18 18:01:46.409979', '2018-07-05 16:12:18.224047', 1, 1, '07:40:00', '11:40:00', '09:00:00', '09:15:00', null, 1, 1, 2, null, null, true, 47, 2, 2018, null, null, null, null, null, null, null, null, null, null, null, null, null, null, null, null, null, null, null, null, null, null, null, null, null, null, 0, 1, null, null, null, null);
INSERT INTO pmieducar.turma (cod_turma, ref_usuario_exc, ref_usuario_cad, ref_ref_cod_serie, ref_ref_cod_escola, ref_cod_infra_predio_comodo, nm_turma, sgl_turma, max_aluno, multiseriada, data_cadastro, data_exclusao, ativo, ref_cod_turma_tipo, hora_inicial, hora_final, hora_inicio_intervalo, hora_fim_intervalo, ref_cod_regente, ref_cod_instituicao_regente, ref_cod_instituicao, ref_cod_curso, ref_ref_cod_serie_mult, ref_ref_cod_escola_mult, visivel, tipo_boletim, turma_turno_id, ano, tipo_atendimento, turma_mais_educacao, atividade_complementar_1, atividade_complementar_2, atividade_complementar_3, atividade_complementar_4, atividade_complementar_5, atividade_complementar_6, aee_braille, aee_recurso_optico, aee_estrategia_desenvolvimento, aee_tecnica_mobilidade, aee_libras, aee_caa, aee_curricular, aee_soroban, aee_informatica, aee_lingua_escrita, aee_autonomia, cod_curso_profissional, etapa_educacenso, ref_cod_disciplina_dispensada, parecer_1_etapa, parecer_2_etapa, parecer_3_etapa, parecer_4_etapa, nao_informar_educacenso, tipo_mediacao_didatico_pedagogico, tipo_boletim_diferenciado, dias_semana, atividades_complementares, atividades_aee) VALUES (743, 17219, 19178, 15, 7, null, 'NÍVEL IV E V', '', 28, 0, '2017-12-19 11:43:21.743969', '2018-07-06 13:18:04.693076', 1, 1, '08:00:00', '12:00:00', '09:00:00', '09:00:00', null, 1, 1, 2, null, null, true, 5, 2, 2018, -1, null, null, null, null, null, null, null, 0, 0, 0, 0, 0, 0, 0, 0, 0, 0, 0, null, null, null, null, null, null, null, 0, 1, null, null, null, null);
INSERT INTO pmieducar.turma (cod_turma, ref_usuario_exc, ref_usuario_cad, ref_ref_cod_serie, ref_ref_cod_escola, ref_cod_infra_predio_comodo, nm_turma, sgl_turma, max_aluno, multiseriada, data_cadastro, data_exclusao, ativo, ref_cod_turma_tipo, hora_inicial, hora_final, hora_inicio_intervalo, hora_fim_intervalo, ref_cod_regente, ref_cod_instituicao_regente, ref_cod_instituicao, ref_cod_curso, ref_ref_cod_serie_mult, ref_ref_cod_escola_mult, visivel, tipo_boletim, turma_turno_id, ano, tipo_atendimento, turma_mais_educacao, atividade_complementar_1, atividade_complementar_2, atividade_complementar_3, atividade_complementar_4, atividade_complementar_5, atividade_complementar_6, aee_braille, aee_recurso_optico, aee_estrategia_desenvolvimento, aee_tecnica_mobilidade, aee_libras, aee_caa, aee_curricular, aee_soroban, aee_informatica, aee_lingua_escrita, aee_autonomia, cod_curso_profissional, etapa_educacenso, ref_cod_disciplina_dispensada, parecer_1_etapa, parecer_2_etapa, parecer_3_etapa, parecer_4_etapa, nao_informar_educacenso, tipo_mediacao_didatico_pedagogico, tipo_boletim_diferenciado, dias_semana, atividades_complementares, atividades_aee) VALUES (693, 17219, 4270, 15, 6, null, 'NÍVEL V ', '', 27, 0, '2017-12-15 17:33:20.573923', '2018-07-05 15:18:41.517194', 1, 1, '06:30:00', '12:30:00', '12:30:00', '18:30:00', null, 1, 1, 2, null, null, true, 47, 4, 2018, null, null, null, null, null, null, null, null, null, null, null, null, null, null, null, null, null, null, null, null, null, null, null, null, null, null, 0, 1, null, null, null, null);
INSERT INTO pmieducar.turma (cod_turma, ref_usuario_exc, ref_usuario_cad, ref_ref_cod_serie, ref_ref_cod_escola, ref_cod_infra_predio_comodo, nm_turma, sgl_turma, max_aluno, multiseriada, data_cadastro, data_exclusao, ativo, ref_cod_turma_tipo, hora_inicial, hora_final, hora_inicio_intervalo, hora_fim_intervalo, ref_cod_regente, ref_cod_instituicao_regente, ref_cod_instituicao, ref_cod_curso, ref_ref_cod_serie_mult, ref_ref_cod_escola_mult, visivel, tipo_boletim, turma_turno_id, ano, tipo_atendimento, turma_mais_educacao, atividade_complementar_1, atividade_complementar_2, atividade_complementar_3, atividade_complementar_4, atividade_complementar_5, atividade_complementar_6, aee_braille, aee_recurso_optico, aee_estrategia_desenvolvimento, aee_tecnica_mobilidade, aee_libras, aee_caa, aee_curricular, aee_soroban, aee_informatica, aee_lingua_escrita, aee_autonomia, cod_curso_profissional, etapa_educacenso, ref_cod_disciplina_dispensada, parecer_1_etapa, parecer_2_etapa, parecer_3_etapa, parecer_4_etapa, nao_informar_educacenso, tipo_mediacao_didatico_pedagogico, tipo_boletim_diferenciado, dias_semana, atividades_complementares, atividades_aee) VALUES (711, 17219, 4269, 15, 3, null, 'NÍVEL V ', '', 25, 0, '2017-12-18 18:01:46.294957', '2018-07-05 16:12:48.987115', 1, 1, '12:40:00', '16:40:00', '14:45:00', '15:00:00', null, 1, 1, 2, null, null, true, 47, 1, 2018, null, null, null, null, null, null, null, null, null, null, null, null, null, null, null, null, null, null, null, null, null, null, null, null, null, null, 0, 1, null, null, null, null);
INSERT INTO pmieducar.turma (cod_turma, ref_usuario_exc, ref_usuario_cad, ref_ref_cod_serie, ref_ref_cod_escola, ref_cod_infra_predio_comodo, nm_turma, sgl_turma, max_aluno, multiseriada, data_cadastro, data_exclusao, ativo, ref_cod_turma_tipo, hora_inicial, hora_final, hora_inicio_intervalo, hora_fim_intervalo, ref_cod_regente, ref_cod_instituicao_regente, ref_cod_instituicao, ref_cod_curso, ref_ref_cod_serie_mult, ref_ref_cod_escola_mult, visivel, tipo_boletim, turma_turno_id, ano, tipo_atendimento, turma_mais_educacao, atividade_complementar_1, atividade_complementar_2, atividade_complementar_3, atividade_complementar_4, atividade_complementar_5, atividade_complementar_6, aee_braille, aee_recurso_optico, aee_estrategia_desenvolvimento, aee_tecnica_mobilidade, aee_libras, aee_caa, aee_curricular, aee_soroban, aee_informatica, aee_lingua_escrita, aee_autonomia, cod_curso_profissional, etapa_educacenso, ref_cod_disciplina_dispensada, parecer_1_etapa, parecer_2_etapa, parecer_3_etapa, parecer_4_etapa, nao_informar_educacenso, tipo_mediacao_didatico_pedagogico, tipo_boletim_diferenciado, dias_semana, atividades_complementares, atividades_aee) VALUES (695, 17219, 5588, 15, 6, null, 'NÍVEL V ', 'N IV', 30, 0, '2017-12-18 10:32:00.524914', '2018-07-05 15:20:55.914478', 1, 1, '13:00:00', '17:00:00', '09:00:00', '09:20:00', null, 1, 1, 2, null, null, true, 5, 2, 2018, -1, null, null, null, null, null, null, null, 0, 0, 0, 0, 0, 0, 0, 0, 0, 0, 0, null, null, null, null, null, null, null, 0, 1, null, null, null, null);
INSERT INTO pmieducar.turma (cod_turma, ref_usuario_exc, ref_usuario_cad, ref_ref_cod_serie, ref_ref_cod_escola, ref_cod_infra_predio_comodo, nm_turma, sgl_turma, max_aluno, multiseriada, data_cadastro, data_exclusao, ativo, ref_cod_turma_tipo, hora_inicial, hora_final, hora_inicio_intervalo, hora_fim_intervalo, ref_cod_regente, ref_cod_instituicao_regente, ref_cod_instituicao, ref_cod_curso, ref_ref_cod_serie_mult, ref_ref_cod_escola_mult, visivel, tipo_boletim, turma_turno_id, ano, tipo_atendimento, turma_mais_educacao, atividade_complementar_1, atividade_complementar_2, atividade_complementar_3, atividade_complementar_4, atividade_complementar_5, atividade_complementar_6, aee_braille, aee_recurso_optico, aee_estrategia_desenvolvimento, aee_tecnica_mobilidade, aee_libras, aee_caa, aee_curricular, aee_soroban, aee_informatica, aee_lingua_escrita, aee_autonomia, cod_curso_profissional, etapa_educacenso, ref_cod_disciplina_dispensada, parecer_1_etapa, parecer_2_etapa, parecer_3_etapa, parecer_4_etapa, nao_informar_educacenso, tipo_mediacao_didatico_pedagogico, tipo_boletim_diferenciado, dias_semana, atividades_complementares, atividades_aee) VALUES (742, null, 1, 13, 12, null, 'BERÇÁRIO', '', 12, 0, '2017-12-19 08:43:28.474702', null, 1, 1, null, null, null, null, null, null, 1, 2, null, null, true, 47, 4, 2018, null, null, null, null, null, null, null, null, null, null, null, null, null, null, null, null, null, null, null, null, null, null, null, null, null, null, null, null, null, null, null, null);
INSERT INTO pmieducar.turma (cod_turma, ref_usuario_exc, ref_usuario_cad, ref_ref_cod_serie, ref_ref_cod_escola, ref_cod_infra_predio_comodo, nm_turma, sgl_turma, max_aluno, multiseriada, data_cadastro, data_exclusao, ativo, ref_cod_turma_tipo, hora_inicial, hora_final, hora_inicio_intervalo, hora_fim_intervalo, ref_cod_regente, ref_cod_instituicao_regente, ref_cod_instituicao, ref_cod_curso, ref_ref_cod_serie_mult, ref_ref_cod_escola_mult, visivel, tipo_boletim, turma_turno_id, ano, tipo_atendimento, turma_mais_educacao, atividade_complementar_1, atividade_complementar_2, atividade_complementar_3, atividade_complementar_4, atividade_complementar_5, atividade_complementar_6, aee_braille, aee_recurso_optico, aee_estrategia_desenvolvimento, aee_tecnica_mobilidade, aee_libras, aee_caa, aee_curricular, aee_soroban, aee_informatica, aee_lingua_escrita, aee_autonomia, cod_curso_profissional, etapa_educacenso, ref_cod_disciplina_dispensada, parecer_1_etapa, parecer_2_etapa, parecer_3_etapa, parecer_4_etapa, nao_informar_educacenso, tipo_mediacao_didatico_pedagogico, tipo_boletim_diferenciado, dias_semana, atividades_complementares, atividades_aee) VALUES (712, 17219, 4269, 15, 3, null, 'NÍVEL V ', '', 25, 0, '2017-12-18 18:01:46.338981', '2018-07-05 16:13:23.018076', 1, 1, '12:40:00', '16:40:00', '09:00:00', '09:15:00', null, 1, 1, 2, null, null, true, 47, 2, 2018, null, null, null, null, null, null, null, null, null, null, null, null, null, null, null, null, null, null, null, null, null, null, null, null, null, null, 0, 1, null, null, null, null);
INSERT INTO pmieducar.turma (cod_turma, ref_usuario_exc, ref_usuario_cad, ref_ref_cod_serie, ref_ref_cod_escola, ref_cod_infra_predio_comodo, nm_turma, sgl_turma, max_aluno, multiseriada, data_cadastro, data_exclusao, ativo, ref_cod_turma_tipo, hora_inicial, hora_final, hora_inicio_intervalo, hora_fim_intervalo, ref_cod_regente, ref_cod_instituicao_regente, ref_cod_instituicao, ref_cod_curso, ref_ref_cod_serie_mult, ref_ref_cod_escola_mult, visivel, tipo_boletim, turma_turno_id, ano, tipo_atendimento, turma_mais_educacao, atividade_complementar_1, atividade_complementar_2, atividade_complementar_3, atividade_complementar_4, atividade_complementar_5, atividade_complementar_6, aee_braille, aee_recurso_optico, aee_estrategia_desenvolvimento, aee_tecnica_mobilidade, aee_libras, aee_caa, aee_curricular, aee_soroban, aee_informatica, aee_lingua_escrita, aee_autonomia, cod_curso_profissional, etapa_educacenso, ref_cod_disciplina_dispensada, parecer_1_etapa, parecer_2_etapa, parecer_3_etapa, parecer_4_etapa, nao_informar_educacenso, tipo_mediacao_didatico_pedagogico, tipo_boletim_diferenciado, dias_semana, atividades_complementares, atividades_aee) VALUES (741, 17219, 1, 13, 12, null, 'NÍVEL I ', '', 18, 0, '2017-12-19 08:43:28.462892', '2018-07-06 14:06:03.377306', 1, 1, null, null, null, null, null, 1, 1, 2, null, null, true, 47, 4, 2018, null, null, null, null, null, null, null, null, null, null, null, null, null, null, null, null, null, null, null, null, null, null, null, null, null, null, 0, 1, null, null, null, null);
INSERT INTO pmieducar.turma (cod_turma, ref_usuario_exc, ref_usuario_cad, ref_ref_cod_serie, ref_ref_cod_escola, ref_cod_infra_predio_comodo, nm_turma, sgl_turma, max_aluno, multiseriada, data_cadastro, data_exclusao, ativo, ref_cod_turma_tipo, hora_inicial, hora_final, hora_inicio_intervalo, hora_fim_intervalo, ref_cod_regente, ref_cod_instituicao_regente, ref_cod_instituicao, ref_cod_curso, ref_ref_cod_serie_mult, ref_ref_cod_escola_mult, visivel, tipo_boletim, turma_turno_id, ano, tipo_atendimento, turma_mais_educacao, atividade_complementar_1, atividade_complementar_2, atividade_complementar_3, atividade_complementar_4, atividade_complementar_5, atividade_complementar_6, aee_braille, aee_recurso_optico, aee_estrategia_desenvolvimento, aee_tecnica_mobilidade, aee_libras, aee_caa, aee_curricular, aee_soroban, aee_informatica, aee_lingua_escrita, aee_autonomia, cod_curso_profissional, etapa_educacenso, ref_cod_disciplina_dispensada, parecer_1_etapa, parecer_2_etapa, parecer_3_etapa, parecer_4_etapa, nao_informar_educacenso, tipo_mediacao_didatico_pedagogico, tipo_boletim_diferenciado, dias_semana, atividades_complementares, atividades_aee) VALUES (765, 4265, 4259, 12, 117960, null, 'Correção Distorção Idade/Série', 'CDIS', 25, 0, '2017-12-19 20:05:40.615594', '2018-06-12 15:29:09.199467', 0, 1, '07:30:00', '11:30:00', '09:20:00', '09:35:00', null, null, 1, 1181, null, null, true, 1, 1, 2018, null, null, null, null, null, null, null, null, null, null, null, null, null, null, null, null, null, null, null, null, null, null, null, null, null, null, null, null, null, null, null, null);
INSERT INTO pmieducar.turma (cod_turma, ref_usuario_exc, ref_usuario_cad, ref_ref_cod_serie, ref_ref_cod_escola, ref_cod_infra_predio_comodo, nm_turma, sgl_turma, max_aluno, multiseriada, data_cadastro, data_exclusao, ativo, ref_cod_turma_tipo, hora_inicial, hora_final, hora_inicio_intervalo, hora_fim_intervalo, ref_cod_regente, ref_cod_instituicao_regente, ref_cod_instituicao, ref_cod_curso, ref_ref_cod_serie_mult, ref_ref_cod_escola_mult, visivel, tipo_boletim, turma_turno_id, ano, tipo_atendimento, turma_mais_educacao, atividade_complementar_1, atividade_complementar_2, atividade_complementar_3, atividade_complementar_4, atividade_complementar_5, atividade_complementar_6, aee_braille, aee_recurso_optico, aee_estrategia_desenvolvimento, aee_tecnica_mobilidade, aee_libras, aee_caa, aee_curricular, aee_soroban, aee_informatica, aee_lingua_escrita, aee_autonomia, cod_curso_profissional, etapa_educacenso, ref_cod_disciplina_dispensada, parecer_1_etapa, parecer_2_etapa, parecer_3_etapa, parecer_4_etapa, nao_informar_educacenso, tipo_mediacao_didatico_pedagogico, tipo_boletim_diferenciado, dias_semana, atividades_complementares, atividades_aee) VALUES (766, null, 4265, 12, 117960, null, '901 9º ANO', '901 9º ANO', 36, 0, '2017-12-19 20:05:40.651757', null, 1, 1, '07:30:00', '11:30:00', '09:45:00', '10:05:00', null, null, 1, 1181, null, null, true, 1, 1, 2018, null, null, null, null, null, null, null, null, null, null, null, null, null, null, null, null, null, null, null, null, null, null, null, null, null, null, null, null, null, null, null, null);
INSERT INTO pmieducar.turma (cod_turma, ref_usuario_exc, ref_usuario_cad, ref_ref_cod_serie, ref_ref_cod_escola, ref_cod_infra_predio_comodo, nm_turma, sgl_turma, max_aluno, multiseriada, data_cadastro, data_exclusao, ativo, ref_cod_turma_tipo, hora_inicial, hora_final, hora_inicio_intervalo, hora_fim_intervalo, ref_cod_regente, ref_cod_instituicao_regente, ref_cod_instituicao, ref_cod_curso, ref_ref_cod_serie_mult, ref_ref_cod_escola_mult, visivel, tipo_boletim, turma_turno_id, ano, tipo_atendimento, turma_mais_educacao, atividade_complementar_1, atividade_complementar_2, atividade_complementar_3, atividade_complementar_4, atividade_complementar_5, atividade_complementar_6, aee_braille, aee_recurso_optico, aee_estrategia_desenvolvimento, aee_tecnica_mobilidade, aee_libras, aee_caa, aee_curricular, aee_soroban, aee_informatica, aee_lingua_escrita, aee_autonomia, cod_curso_profissional, etapa_educacenso, ref_cod_disciplina_dispensada, parecer_1_etapa, parecer_2_etapa, parecer_3_etapa, parecer_4_etapa, nao_informar_educacenso, tipo_mediacao_didatico_pedagogico, tipo_boletim_diferenciado, dias_semana, atividades_complementares, atividades_aee) VALUES (768, null, 4265, 12, 117960, null, '902 9º ANO', '902', 36, 0, '2017-12-19 20:05:40.703084', null, 1, 1, '13:00:00', '17:00:00', '15:12:00', '15:32:00', null, null, 1, 1181, null, null, true, 1, 2, 2018, null, null, null, null, null, null, null, null, null, null, null, null, null, null, null, null, null, null, null, null, null, null, null, null, null, null, null, null, null, null, null, null);
INSERT INTO pmieducar.turma (cod_turma, ref_usuario_exc, ref_usuario_cad, ref_ref_cod_serie, ref_ref_cod_escola, ref_cod_infra_predio_comodo, nm_turma, sgl_turma, max_aluno, multiseriada, data_cadastro, data_exclusao, ativo, ref_cod_turma_tipo, hora_inicial, hora_final, hora_inicio_intervalo, hora_fim_intervalo, ref_cod_regente, ref_cod_instituicao_regente, ref_cod_instituicao, ref_cod_curso, ref_ref_cod_serie_mult, ref_ref_cod_escola_mult, visivel, tipo_boletim, turma_turno_id, ano, tipo_atendimento, turma_mais_educacao, atividade_complementar_1, atividade_complementar_2, atividade_complementar_3, atividade_complementar_4, atividade_complementar_5, atividade_complementar_6, aee_braille, aee_recurso_optico, aee_estrategia_desenvolvimento, aee_tecnica_mobilidade, aee_libras, aee_caa, aee_curricular, aee_soroban, aee_informatica, aee_lingua_escrita, aee_autonomia, cod_curso_profissional, etapa_educacenso, ref_cod_disciplina_dispensada, parecer_1_etapa, parecer_2_etapa, parecer_3_etapa, parecer_4_etapa, nao_informar_educacenso, tipo_mediacao_didatico_pedagogico, tipo_boletim_diferenciado, dias_semana, atividades_complementares, atividades_aee) VALUES (769, null, 1, 3, 117960, null, '3º Ano 301', '3º Ano 301', 99, 0, '2017-12-19 20:05:40.739503', null, 1, 1, '07:30:00', '11:30:00', '09:45:00', '10:00:00', null, null, 1, 1180, null, null, true, 1, 1, 2018, null, null, null, null, null, null, null, null, null, null, null, null, null, null, null, null, null, null, null, null, null, null, null, null, null, null, null, null, null, null, null, null);
INSERT INTO pmieducar.turma (cod_turma, ref_usuario_exc, ref_usuario_cad, ref_ref_cod_serie, ref_ref_cod_escola, ref_cod_infra_predio_comodo, nm_turma, sgl_turma, max_aluno, multiseriada, data_cadastro, data_exclusao, ativo, ref_cod_turma_tipo, hora_inicial, hora_final, hora_inicio_intervalo, hora_fim_intervalo, ref_cod_regente, ref_cod_instituicao_regente, ref_cod_instituicao, ref_cod_curso, ref_ref_cod_serie_mult, ref_ref_cod_escola_mult, visivel, tipo_boletim, turma_turno_id, ano, tipo_atendimento, turma_mais_educacao, atividade_complementar_1, atividade_complementar_2, atividade_complementar_3, atividade_complementar_4, atividade_complementar_5, atividade_complementar_6, aee_braille, aee_recurso_optico, aee_estrategia_desenvolvimento, aee_tecnica_mobilidade, aee_libras, aee_caa, aee_curricular, aee_soroban, aee_informatica, aee_lingua_escrita, aee_autonomia, cod_curso_profissional, etapa_educacenso, ref_cod_disciplina_dispensada, parecer_1_etapa, parecer_2_etapa, parecer_3_etapa, parecer_4_etapa, nao_informar_educacenso, tipo_mediacao_didatico_pedagogico, tipo_boletim_diferenciado, dias_semana, atividades_complementares, atividades_aee) VALUES (770, null, 1, 11, 117960, null, '802 8º ano', '802', 99, 0, '2017-12-19 20:05:40.751835', null, 1, 1, '12:50:00', '16:50:00', '15:02:00', '15:22:00', null, null, 1, 1181, null, null, true, 1, 2, 2018, null, null, null, null, null, null, null, null, null, null, null, null, null, null, null, null, null, null, null, null, null, null, null, null, null, null, null, null, null, null, null, null);
INSERT INTO pmieducar.turma (cod_turma, ref_usuario_exc, ref_usuario_cad, ref_ref_cod_serie, ref_ref_cod_escola, ref_cod_infra_predio_comodo, nm_turma, sgl_turma, max_aluno, multiseriada, data_cadastro, data_exclusao, ativo, ref_cod_turma_tipo, hora_inicial, hora_final, hora_inicio_intervalo, hora_fim_intervalo, ref_cod_regente, ref_cod_instituicao_regente, ref_cod_instituicao, ref_cod_curso, ref_ref_cod_serie_mult, ref_ref_cod_escola_mult, visivel, tipo_boletim, turma_turno_id, ano, tipo_atendimento, turma_mais_educacao, atividade_complementar_1, atividade_complementar_2, atividade_complementar_3, atividade_complementar_4, atividade_complementar_5, atividade_complementar_6, aee_braille, aee_recurso_optico, aee_estrategia_desenvolvimento, aee_tecnica_mobilidade, aee_libras, aee_caa, aee_curricular, aee_soroban, aee_informatica, aee_lingua_escrita, aee_autonomia, cod_curso_profissional, etapa_educacenso, ref_cod_disciplina_dispensada, parecer_1_etapa, parecer_2_etapa, parecer_3_etapa, parecer_4_etapa, nao_informar_educacenso, tipo_mediacao_didatico_pedagogico, tipo_boletim_diferenciado, dias_semana, atividades_complementares, atividades_aee) VALUES (692, 5588, 4270, 13, 6, null, 'NÍVEL III - Vespertino', '', 20, 0, '2017-12-15 17:33:20.512253', '2017-12-18 10:41:15.696445', 0, 1, '07:40:00', '11:40:00', '12:50:00', '16:50:00', null, null, 1, 2, null, null, true, 47, 2, 2018, null, null, null, null, null, null, null, null, null, null, null, null, null, null, null, null, null, null, null, null, null, null, null, null, null, null, null, null, null, null, null, null);
INSERT INTO pmieducar.turma (cod_turma, ref_usuario_exc, ref_usuario_cad, ref_ref_cod_serie, ref_ref_cod_escola, ref_cod_infra_predio_comodo, nm_turma, sgl_turma, max_aluno, multiseriada, data_cadastro, data_exclusao, ativo, ref_cod_turma_tipo, hora_inicial, hora_final, hora_inicio_intervalo, hora_fim_intervalo, ref_cod_regente, ref_cod_instituicao_regente, ref_cod_instituicao, ref_cod_curso, ref_ref_cod_serie_mult, ref_ref_cod_escola_mult, visivel, tipo_boletim, turma_turno_id, ano, tipo_atendimento, turma_mais_educacao, atividade_complementar_1, atividade_complementar_2, atividade_complementar_3, atividade_complementar_4, atividade_complementar_5, atividade_complementar_6, aee_braille, aee_recurso_optico, aee_estrategia_desenvolvimento, aee_tecnica_mobilidade, aee_libras, aee_caa, aee_curricular, aee_soroban, aee_informatica, aee_lingua_escrita, aee_autonomia, cod_curso_profissional, etapa_educacenso, ref_cod_disciplina_dispensada, parecer_1_etapa, parecer_2_etapa, parecer_3_etapa, parecer_4_etapa, nao_informar_educacenso, tipo_mediacao_didatico_pedagogico, tipo_boletim_diferenciado, dias_semana, atividades_complementares, atividades_aee) VALUES (745, null, 4272, 13, 2, null, 'NÍVEL II', 'N II', 25, 0, '2017-12-19 12:17:13.144792', null, 1, 1, '07:00:00', '18:00:00', '09:00:00', '09:00:00', null, null, 1, 2, null, null, true, 47, 4, 2018, null, null, null, null, null, null, null, null, null, null, null, null, null, null, null, null, null, null, null, null, null, null, null, null, null, null, null, null, null, null, null, null);
INSERT INTO pmieducar.turma (cod_turma, ref_usuario_exc, ref_usuario_cad, ref_ref_cod_serie, ref_ref_cod_escola, ref_cod_infra_predio_comodo, nm_turma, sgl_turma, max_aluno, multiseriada, data_cadastro, data_exclusao, ativo, ref_cod_turma_tipo, hora_inicial, hora_final, hora_inicio_intervalo, hora_fim_intervalo, ref_cod_regente, ref_cod_instituicao_regente, ref_cod_instituicao, ref_cod_curso, ref_ref_cod_serie_mult, ref_ref_cod_escola_mult, visivel, tipo_boletim, turma_turno_id, ano, tipo_atendimento, turma_mais_educacao, atividade_complementar_1, atividade_complementar_2, atividade_complementar_3, atividade_complementar_4, atividade_complementar_5, atividade_complementar_6, aee_braille, aee_recurso_optico, aee_estrategia_desenvolvimento, aee_tecnica_mobilidade, aee_libras, aee_caa, aee_curricular, aee_soroban, aee_informatica, aee_lingua_escrita, aee_autonomia, cod_curso_profissional, etapa_educacenso, ref_cod_disciplina_dispensada, parecer_1_etapa, parecer_2_etapa, parecer_3_etapa, parecer_4_etapa, nao_informar_educacenso, tipo_mediacao_didatico_pedagogico, tipo_boletim_diferenciado, dias_semana, atividades_complementares, atividades_aee) VALUES (746, null, 4272, 13, 2, null, 'NÍVEL III', 'N III', 23, 0, '2017-12-19 12:17:13.260708', null, 1, 1, '07:00:00', '18:00:00', '09:00:00', '09:00:00', null, null, 1, 2, null, null, true, 47, 4, 2018, null, null, null, null, null, null, null, null, null, null, null, null, null, null, null, null, null, null, null, null, null, null, null, null, null, null, null, null, null, null, null, null);
INSERT INTO pmieducar.turma (cod_turma, ref_usuario_exc, ref_usuario_cad, ref_ref_cod_serie, ref_ref_cod_escola, ref_cod_infra_predio_comodo, nm_turma, sgl_turma, max_aluno, multiseriada, data_cadastro, data_exclusao, ativo, ref_cod_turma_tipo, hora_inicial, hora_final, hora_inicio_intervalo, hora_fim_intervalo, ref_cod_regente, ref_cod_instituicao_regente, ref_cod_instituicao, ref_cod_curso, ref_ref_cod_serie_mult, ref_ref_cod_escola_mult, visivel, tipo_boletim, turma_turno_id, ano, tipo_atendimento, turma_mais_educacao, atividade_complementar_1, atividade_complementar_2, atividade_complementar_3, atividade_complementar_4, atividade_complementar_5, atividade_complementar_6, aee_braille, aee_recurso_optico, aee_estrategia_desenvolvimento, aee_tecnica_mobilidade, aee_libras, aee_caa, aee_curricular, aee_soroban, aee_informatica, aee_lingua_escrita, aee_autonomia, cod_curso_profissional, etapa_educacenso, ref_cod_disciplina_dispensada, parecer_1_etapa, parecer_2_etapa, parecer_3_etapa, parecer_4_etapa, nao_informar_educacenso, tipo_mediacao_didatico_pedagogico, tipo_boletim_diferenciado, dias_semana, atividades_complementares, atividades_aee) VALUES (771, null, 1, 4, 117960, null, '4º Ano 401', '4º Ano 401', 99, 0, '2017-12-19 20:05:40.774530', null, 1, 1, '07:30:00', '11:30:00', '09:45:00', '10:00:00', null, null, 1, 1180, null, null, true, 1, 1, 2018, null, null, null, null, null, null, null, null, null, null, null, null, null, null, null, null, null, null, null, null, null, null, null, null, null, null, null, null, null, null, null, null);
INSERT INTO pmieducar.turma (cod_turma, ref_usuario_exc, ref_usuario_cad, ref_ref_cod_serie, ref_ref_cod_escola, ref_cod_infra_predio_comodo, nm_turma, sgl_turma, max_aluno, multiseriada, data_cadastro, data_exclusao, ativo, ref_cod_turma_tipo, hora_inicial, hora_final, hora_inicio_intervalo, hora_fim_intervalo, ref_cod_regente, ref_cod_instituicao_regente, ref_cod_instituicao, ref_cod_curso, ref_ref_cod_serie_mult, ref_ref_cod_escola_mult, visivel, tipo_boletim, turma_turno_id, ano, tipo_atendimento, turma_mais_educacao, atividade_complementar_1, atividade_complementar_2, atividade_complementar_3, atividade_complementar_4, atividade_complementar_5, atividade_complementar_6, aee_braille, aee_recurso_optico, aee_estrategia_desenvolvimento, aee_tecnica_mobilidade, aee_libras, aee_caa, aee_curricular, aee_soroban, aee_informatica, aee_lingua_escrita, aee_autonomia, cod_curso_profissional, etapa_educacenso, ref_cod_disciplina_dispensada, parecer_1_etapa, parecer_2_etapa, parecer_3_etapa, parecer_4_etapa, nao_informar_educacenso, tipo_mediacao_didatico_pedagogico, tipo_boletim_diferenciado, dias_semana, atividades_complementares, atividades_aee) VALUES (772, null, 1, 5, 117960, null, '5º Ano 501', '5º Ano 501', 99, 0, '2017-12-19 20:05:40.785048', null, 1, 1, '07:30:00', '11:30:00', '09:45:00', '10:00:00', null, null, 1, 1180, null, null, true, 1, 1, 2018, null, null, null, null, null, null, null, null, null, null, null, null, null, null, null, null, null, null, null, null, null, null, null, null, null, null, null, null, null, null, null, null);
INSERT INTO pmieducar.turma (cod_turma, ref_usuario_exc, ref_usuario_cad, ref_ref_cod_serie, ref_ref_cod_escola, ref_cod_infra_predio_comodo, nm_turma, sgl_turma, max_aluno, multiseriada, data_cadastro, data_exclusao, ativo, ref_cod_turma_tipo, hora_inicial, hora_final, hora_inicio_intervalo, hora_fim_intervalo, ref_cod_regente, ref_cod_instituicao_regente, ref_cod_instituicao, ref_cod_curso, ref_ref_cod_serie_mult, ref_ref_cod_escola_mult, visivel, tipo_boletim, turma_turno_id, ano, tipo_atendimento, turma_mais_educacao, atividade_complementar_1, atividade_complementar_2, atividade_complementar_3, atividade_complementar_4, atividade_complementar_5, atividade_complementar_6, aee_braille, aee_recurso_optico, aee_estrategia_desenvolvimento, aee_tecnica_mobilidade, aee_libras, aee_caa, aee_curricular, aee_soroban, aee_informatica, aee_lingua_escrita, aee_autonomia, cod_curso_profissional, etapa_educacenso, ref_cod_disciplina_dispensada, parecer_1_etapa, parecer_2_etapa, parecer_3_etapa, parecer_4_etapa, nao_informar_educacenso, tipo_mediacao_didatico_pedagogico, tipo_boletim_diferenciado, dias_semana, atividades_complementares, atividades_aee) VALUES (773, null, 1, 6, 117960, null, '6º Ano 602', '6º Ano 602', 99, 0, '2017-12-19 20:05:40.793861', null, 1, 1, '12:50:00', '16:50:00', '15:02:00', '15:22:00', null, null, 1, 1181, null, null, true, 1, 2, 2018, null, null, null, null, null, null, null, null, null, null, null, null, null, null, null, null, null, null, null, null, null, null, null, null, null, null, null, null, null, null, null, null);
INSERT INTO pmieducar.turma (cod_turma, ref_usuario_exc, ref_usuario_cad, ref_ref_cod_serie, ref_ref_cod_escola, ref_cod_infra_predio_comodo, nm_turma, sgl_turma, max_aluno, multiseriada, data_cadastro, data_exclusao, ativo, ref_cod_turma_tipo, hora_inicial, hora_final, hora_inicio_intervalo, hora_fim_intervalo, ref_cod_regente, ref_cod_instituicao_regente, ref_cod_instituicao, ref_cod_curso, ref_ref_cod_serie_mult, ref_ref_cod_escola_mult, visivel, tipo_boletim, turma_turno_id, ano, tipo_atendimento, turma_mais_educacao, atividade_complementar_1, atividade_complementar_2, atividade_complementar_3, atividade_complementar_4, atividade_complementar_5, atividade_complementar_6, aee_braille, aee_recurso_optico, aee_estrategia_desenvolvimento, aee_tecnica_mobilidade, aee_libras, aee_caa, aee_curricular, aee_soroban, aee_informatica, aee_lingua_escrita, aee_autonomia, cod_curso_profissional, etapa_educacenso, ref_cod_disciplina_dispensada, parecer_1_etapa, parecer_2_etapa, parecer_3_etapa, parecer_4_etapa, nao_informar_educacenso, tipo_mediacao_didatico_pedagogico, tipo_boletim_diferenciado, dias_semana, atividades_complementares, atividades_aee) VALUES (774, null, 1, 11, 117960, null, '801 8º ano', '801', 99, 0, '2017-12-19 20:05:40.805700', null, 1, 1, '07:30:00', '11:30:00', '09:45:00', '10:00:00', null, null, 1, 1181, null, null, true, 1, 1, 2018, null, null, null, null, null, null, null, null, null, null, null, null, null, null, null, null, null, null, null, null, null, null, null, null, null, null, null, null, null, null, null, null);
INSERT INTO pmieducar.turma (cod_turma, ref_usuario_exc, ref_usuario_cad, ref_ref_cod_serie, ref_ref_cod_escola, ref_cod_infra_predio_comodo, nm_turma, sgl_turma, max_aluno, multiseriada, data_cadastro, data_exclusao, ativo, ref_cod_turma_tipo, hora_inicial, hora_final, hora_inicio_intervalo, hora_fim_intervalo, ref_cod_regente, ref_cod_instituicao_regente, ref_cod_instituicao, ref_cod_curso, ref_ref_cod_serie_mult, ref_ref_cod_escola_mult, visivel, tipo_boletim, turma_turno_id, ano, tipo_atendimento, turma_mais_educacao, atividade_complementar_1, atividade_complementar_2, atividade_complementar_3, atividade_complementar_4, atividade_complementar_5, atividade_complementar_6, aee_braille, aee_recurso_optico, aee_estrategia_desenvolvimento, aee_tecnica_mobilidade, aee_libras, aee_caa, aee_curricular, aee_soroban, aee_informatica, aee_lingua_escrita, aee_autonomia, cod_curso_profissional, etapa_educacenso, ref_cod_disciplina_dispensada, parecer_1_etapa, parecer_2_etapa, parecer_3_etapa, parecer_4_etapa, nao_informar_educacenso, tipo_mediacao_didatico_pedagogico, tipo_boletim_diferenciado, dias_semana, atividades_complementares, atividades_aee) VALUES (775, null, 1, 4, 117960, null, '4º Ano 402', '4º Ano 402', 99, 0, '2017-12-19 20:05:40.813895', null, 1, 1, '12:50:00', '16:50:00', '15:02:00', '15:22:00', null, null, 1, 1180, null, null, true, 1, 2, 2018, null, null, null, null, null, null, null, null, null, null, null, null, null, null, null, null, null, null, null, null, null, null, null, null, null, null, null, null, null, null, null, null);
INSERT INTO pmieducar.turma (cod_turma, ref_usuario_exc, ref_usuario_cad, ref_ref_cod_serie, ref_ref_cod_escola, ref_cod_infra_predio_comodo, nm_turma, sgl_turma, max_aluno, multiseriada, data_cadastro, data_exclusao, ativo, ref_cod_turma_tipo, hora_inicial, hora_final, hora_inicio_intervalo, hora_fim_intervalo, ref_cod_regente, ref_cod_instituicao_regente, ref_cod_instituicao, ref_cod_curso, ref_ref_cod_serie_mult, ref_ref_cod_escola_mult, visivel, tipo_boletim, turma_turno_id, ano, tipo_atendimento, turma_mais_educacao, atividade_complementar_1, atividade_complementar_2, atividade_complementar_3, atividade_complementar_4, atividade_complementar_5, atividade_complementar_6, aee_braille, aee_recurso_optico, aee_estrategia_desenvolvimento, aee_tecnica_mobilidade, aee_libras, aee_caa, aee_curricular, aee_soroban, aee_informatica, aee_lingua_escrita, aee_autonomia, cod_curso_profissional, etapa_educacenso, ref_cod_disciplina_dispensada, parecer_1_etapa, parecer_2_etapa, parecer_3_etapa, parecer_4_etapa, nao_informar_educacenso, tipo_mediacao_didatico_pedagogico, tipo_boletim_diferenciado, dias_semana, atividades_complementares, atividades_aee) VALUES (694, 17219, 4270, 15, 6, null, 'NÍVEL IV ', '', 30, 0, '2017-12-15 17:33:20.602009', '2018-07-05 15:15:39.410289', 1, 1, '07:40:00', '16:50:00', '09:00:00', '09:20:00', null, 1, 1, 2, null, null, true, 47, 4, 2018, -1, null, null, null, null, null, null, null, 0, 0, 0, 0, 0, 0, 0, 0, 0, 0, 0, null, null, null, null, null, null, null, 0, 1, null, null, null, null);
INSERT INTO pmieducar.turma (cod_turma, ref_usuario_exc, ref_usuario_cad, ref_ref_cod_serie, ref_ref_cod_escola, ref_cod_infra_predio_comodo, nm_turma, sgl_turma, max_aluno, multiseriada, data_cadastro, data_exclusao, ativo, ref_cod_turma_tipo, hora_inicial, hora_final, hora_inicio_intervalo, hora_fim_intervalo, ref_cod_regente, ref_cod_instituicao_regente, ref_cod_instituicao, ref_cod_curso, ref_ref_cod_serie_mult, ref_ref_cod_escola_mult, visivel, tipo_boletim, turma_turno_id, ano, tipo_atendimento, turma_mais_educacao, atividade_complementar_1, atividade_complementar_2, atividade_complementar_3, atividade_complementar_4, atividade_complementar_5, atividade_complementar_6, aee_braille, aee_recurso_optico, aee_estrategia_desenvolvimento, aee_tecnica_mobilidade, aee_libras, aee_caa, aee_curricular, aee_soroban, aee_informatica, aee_lingua_escrita, aee_autonomia, cod_curso_profissional, etapa_educacenso, ref_cod_disciplina_dispensada, parecer_1_etapa, parecer_2_etapa, parecer_3_etapa, parecer_4_etapa, nao_informar_educacenso, tipo_mediacao_didatico_pedagogico, tipo_boletim_diferenciado, dias_semana, atividades_complementares, atividades_aee) VALUES (696, 17219, 4264, 15, 5, null, 'NÍVEL V ', '', 25, 0, '2017-12-18 13:33:30.650441', '2018-07-05 13:57:28.644308', 1, 1, '07:30:00', '17:00:00', '09:00:00', '09:00:00', null, 1, 1, 2, null, null, true, 47, 4, 2018, null, null, null, null, null, null, null, null, null, null, null, null, null, null, null, null, null, null, null, null, null, null, null, null, null, null, 0, 1, null, null, null, null);
INSERT INTO pmieducar.turma (cod_turma, ref_usuario_exc, ref_usuario_cad, ref_ref_cod_serie, ref_ref_cod_escola, ref_cod_infra_predio_comodo, nm_turma, sgl_turma, max_aluno, multiseriada, data_cadastro, data_exclusao, ativo, ref_cod_turma_tipo, hora_inicial, hora_final, hora_inicio_intervalo, hora_fim_intervalo, ref_cod_regente, ref_cod_instituicao_regente, ref_cod_instituicao, ref_cod_curso, ref_ref_cod_serie_mult, ref_ref_cod_escola_mult, visivel, tipo_boletim, turma_turno_id, ano, tipo_atendimento, turma_mais_educacao, atividade_complementar_1, atividade_complementar_2, atividade_complementar_3, atividade_complementar_4, atividade_complementar_5, atividade_complementar_6, aee_braille, aee_recurso_optico, aee_estrategia_desenvolvimento, aee_tecnica_mobilidade, aee_libras, aee_caa, aee_curricular, aee_soroban, aee_informatica, aee_lingua_escrita, aee_autonomia, cod_curso_profissional, etapa_educacenso, ref_cod_disciplina_dispensada, parecer_1_etapa, parecer_2_etapa, parecer_3_etapa, parecer_4_etapa, nao_informar_educacenso, tipo_mediacao_didatico_pedagogico, tipo_boletim_diferenciado, dias_semana, atividades_complementares, atividades_aee) VALUES (697, 17219, 4264, 15, 5, null, 'NÍVEL IV E V ', '', 25, 0, '2017-12-18 13:33:30.706291', '2018-07-05 13:55:51.202131', 1, 1, '07:30:00', '17:00:00', '09:00:00', '09:00:00', null, 1, 1, 2, null, null, true, 47, 4, 2018, null, null, null, null, null, null, null, null, null, null, null, null, null, null, null, null, null, null, null, null, null, null, null, null, null, null, 0, 1, null, null, null, null);
INSERT INTO pmieducar.turma (cod_turma, ref_usuario_exc, ref_usuario_cad, ref_ref_cod_serie, ref_ref_cod_escola, ref_cod_infra_predio_comodo, nm_turma, sgl_turma, max_aluno, multiseriada, data_cadastro, data_exclusao, ativo, ref_cod_turma_tipo, hora_inicial, hora_final, hora_inicio_intervalo, hora_fim_intervalo, ref_cod_regente, ref_cod_instituicao_regente, ref_cod_instituicao, ref_cod_curso, ref_ref_cod_serie_mult, ref_ref_cod_escola_mult, visivel, tipo_boletim, turma_turno_id, ano, tipo_atendimento, turma_mais_educacao, atividade_complementar_1, atividade_complementar_2, atividade_complementar_3, atividade_complementar_4, atividade_complementar_5, atividade_complementar_6, aee_braille, aee_recurso_optico, aee_estrategia_desenvolvimento, aee_tecnica_mobilidade, aee_libras, aee_caa, aee_curricular, aee_soroban, aee_informatica, aee_lingua_escrita, aee_autonomia, cod_curso_profissional, etapa_educacenso, ref_cod_disciplina_dispensada, parecer_1_etapa, parecer_2_etapa, parecer_3_etapa, parecer_4_etapa, nao_informar_educacenso, tipo_mediacao_didatico_pedagogico, tipo_boletim_diferenciado, dias_semana, atividades_complementares, atividades_aee) VALUES (698, 4264, 4264, 13, 5, null, 'NÍVEL III - Vespertino', '', 25, 0, '2017-12-18 13:33:30.773863', '2017-12-18 14:51:44.119705', 0, 1, '13:00:00', '17:00:00', '15:00:00', '15:00:00', null, null, 1, 2, null, null, true, 47, 2, 2018, null, null, null, null, null, null, null, null, null, null, null, null, null, null, null, null, null, null, null, null, null, null, null, null, null, null, null, null, null, null, null, null);
INSERT INTO pmieducar.turma (cod_turma, ref_usuario_exc, ref_usuario_cad, ref_ref_cod_serie, ref_ref_cod_escola, ref_cod_infra_predio_comodo, nm_turma, sgl_turma, max_aluno, multiseriada, data_cadastro, data_exclusao, ativo, ref_cod_turma_tipo, hora_inicial, hora_final, hora_inicio_intervalo, hora_fim_intervalo, ref_cod_regente, ref_cod_instituicao_regente, ref_cod_instituicao, ref_cod_curso, ref_ref_cod_serie_mult, ref_ref_cod_escola_mult, visivel, tipo_boletim, turma_turno_id, ano, tipo_atendimento, turma_mais_educacao, atividade_complementar_1, atividade_complementar_2, atividade_complementar_3, atividade_complementar_4, atividade_complementar_5, atividade_complementar_6, aee_braille, aee_recurso_optico, aee_estrategia_desenvolvimento, aee_tecnica_mobilidade, aee_libras, aee_caa, aee_curricular, aee_soroban, aee_informatica, aee_lingua_escrita, aee_autonomia, cod_curso_profissional, etapa_educacenso, ref_cod_disciplina_dispensada, parecer_1_etapa, parecer_2_etapa, parecer_3_etapa, parecer_4_etapa, nao_informar_educacenso, tipo_mediacao_didatico_pedagogico, tipo_boletim_diferenciado, dias_semana, atividades_complementares, atividades_aee) VALUES (749, 4272, 4272, 13, 2, null, 'Berçário', '', 15, 0, '2017-12-19 12:23:45.844770', '2017-12-19 12:48:02.337700', 0, 1, '07:00:00', '18:00:00', '09:00:00', '09:00:00', null, null, 1, 2, null, null, true, 8, 4, 2018, -1, 0, null, null, null, null, null, null, 0, 0, 0, 0, 0, 0, 0, 0, 0, 0, 0, null, null, null, null, null, null, null, 0, 1, null, null, null, null);
INSERT INTO pmieducar.turma (cod_turma, ref_usuario_exc, ref_usuario_cad, ref_ref_cod_serie, ref_ref_cod_escola, ref_cod_infra_predio_comodo, nm_turma, sgl_turma, max_aluno, multiseriada, data_cadastro, data_exclusao, ativo, ref_cod_turma_tipo, hora_inicial, hora_final, hora_inicio_intervalo, hora_fim_intervalo, ref_cod_regente, ref_cod_instituicao_regente, ref_cod_instituicao, ref_cod_curso, ref_ref_cod_serie_mult, ref_ref_cod_escola_mult, visivel, tipo_boletim, turma_turno_id, ano, tipo_atendimento, turma_mais_educacao, atividade_complementar_1, atividade_complementar_2, atividade_complementar_3, atividade_complementar_4, atividade_complementar_5, atividade_complementar_6, aee_braille, aee_recurso_optico, aee_estrategia_desenvolvimento, aee_tecnica_mobilidade, aee_libras, aee_caa, aee_curricular, aee_soroban, aee_informatica, aee_lingua_escrita, aee_autonomia, cod_curso_profissional, etapa_educacenso, ref_cod_disciplina_dispensada, parecer_1_etapa, parecer_2_etapa, parecer_3_etapa, parecer_4_etapa, nao_informar_educacenso, tipo_mediacao_didatico_pedagogico, tipo_boletim_diferenciado, dias_semana, atividades_complementares, atividades_aee) VALUES (776, null, 1, 3, 117960, null, '3º Ano 302', '3º Ano 302', 99, 0, '2017-12-19 20:05:40.821843', null, 1, 1, '12:50:00', '16:50:00', '15:02:00', '15:22:00', null, null, 1, 1180, null, null, true, 1, 2, 2018, null, null, null, null, null, null, null, null, null, null, null, null, null, null, null, null, null, null, null, null, null, null, null, null, null, null, null, null, null, null, null, null);
INSERT INTO pmieducar.turma (cod_turma, ref_usuario_exc, ref_usuario_cad, ref_ref_cod_serie, ref_ref_cod_escola, ref_cod_infra_predio_comodo, nm_turma, sgl_turma, max_aluno, multiseriada, data_cadastro, data_exclusao, ativo, ref_cod_turma_tipo, hora_inicial, hora_final, hora_inicio_intervalo, hora_fim_intervalo, ref_cod_regente, ref_cod_instituicao_regente, ref_cod_instituicao, ref_cod_curso, ref_ref_cod_serie_mult, ref_ref_cod_escola_mult, visivel, tipo_boletim, turma_turno_id, ano, tipo_atendimento, turma_mais_educacao, atividade_complementar_1, atividade_complementar_2, atividade_complementar_3, atividade_complementar_4, atividade_complementar_5, atividade_complementar_6, aee_braille, aee_recurso_optico, aee_estrategia_desenvolvimento, aee_tecnica_mobilidade, aee_libras, aee_caa, aee_curricular, aee_soroban, aee_informatica, aee_lingua_escrita, aee_autonomia, cod_curso_profissional, etapa_educacenso, ref_cod_disciplina_dispensada, parecer_1_etapa, parecer_2_etapa, parecer_3_etapa, parecer_4_etapa, nao_informar_educacenso, tipo_mediacao_didatico_pedagogico, tipo_boletim_diferenciado, dias_semana, atividades_complementares, atividades_aee) VALUES (777, null, 4265, 10, 117960, null, '7º Ano 701 ', '701', 45, 0, '2017-12-19 20:05:40.830992', null, 1, 1, '07:30:00', '11:30:00', '09:45:00', '10:00:00', null, null, 1, 1181, null, null, true, 1, 1, 2018, null, null, null, null, null, null, null, null, null, null, null, null, null, null, null, null, null, null, null, null, null, null, null, null, null, null, null, null, null, null, null, null);
INSERT INTO pmieducar.turma (cod_turma, ref_usuario_exc, ref_usuario_cad, ref_ref_cod_serie, ref_ref_cod_escola, ref_cod_infra_predio_comodo, nm_turma, sgl_turma, max_aluno, multiseriada, data_cadastro, data_exclusao, ativo, ref_cod_turma_tipo, hora_inicial, hora_final, hora_inicio_intervalo, hora_fim_intervalo, ref_cod_regente, ref_cod_instituicao_regente, ref_cod_instituicao, ref_cod_curso, ref_ref_cod_serie_mult, ref_ref_cod_escola_mult, visivel, tipo_boletim, turma_turno_id, ano, tipo_atendimento, turma_mais_educacao, atividade_complementar_1, atividade_complementar_2, atividade_complementar_3, atividade_complementar_4, atividade_complementar_5, atividade_complementar_6, aee_braille, aee_recurso_optico, aee_estrategia_desenvolvimento, aee_tecnica_mobilidade, aee_libras, aee_caa, aee_curricular, aee_soroban, aee_informatica, aee_lingua_escrita, aee_autonomia, cod_curso_profissional, etapa_educacenso, ref_cod_disciplina_dispensada, parecer_1_etapa, parecer_2_etapa, parecer_3_etapa, parecer_4_etapa, nao_informar_educacenso, tipo_mediacao_didatico_pedagogico, tipo_boletim_diferenciado, dias_semana, atividades_complementares, atividades_aee) VALUES (778, null, 1, 6, 117960, null, '6º Ano 601', '6º Ano 601', 99, 0, '2017-12-19 20:05:40.839781', null, 1, 1, '12:50:00', '16:50:00', '15:02:00', '15:22:00', null, null, 1, 1181, null, null, true, 1, 1, 2018, null, null, null, null, null, null, null, null, null, null, null, null, null, null, null, null, null, null, null, null, null, null, null, null, null, null, null, null, null, null, null, null);
INSERT INTO pmieducar.turma (cod_turma, ref_usuario_exc, ref_usuario_cad, ref_ref_cod_serie, ref_ref_cod_escola, ref_cod_infra_predio_comodo, nm_turma, sgl_turma, max_aluno, multiseriada, data_cadastro, data_exclusao, ativo, ref_cod_turma_tipo, hora_inicial, hora_final, hora_inicio_intervalo, hora_fim_intervalo, ref_cod_regente, ref_cod_instituicao_regente, ref_cod_instituicao, ref_cod_curso, ref_ref_cod_serie_mult, ref_ref_cod_escola_mult, visivel, tipo_boletim, turma_turno_id, ano, tipo_atendimento, turma_mais_educacao, atividade_complementar_1, atividade_complementar_2, atividade_complementar_3, atividade_complementar_4, atividade_complementar_5, atividade_complementar_6, aee_braille, aee_recurso_optico, aee_estrategia_desenvolvimento, aee_tecnica_mobilidade, aee_libras, aee_caa, aee_curricular, aee_soroban, aee_informatica, aee_lingua_escrita, aee_autonomia, cod_curso_profissional, etapa_educacenso, ref_cod_disciplina_dispensada, parecer_1_etapa, parecer_2_etapa, parecer_3_etapa, parecer_4_etapa, nao_informar_educacenso, tipo_mediacao_didatico_pedagogico, tipo_boletim_diferenciado, dias_semana, atividades_complementares, atividades_aee) VALUES (779, null, 4265, 5, 117960, null, '5º Ano 502', '502', 99, 0, '2017-12-19 20:05:40.848925', null, 1, 1, '12:50:00', '16:50:00', '15:02:00', '15:22:00', null, null, 1, 1180, null, null, true, 1, 2, 2018, null, null, null, null, null, null, null, null, null, null, null, null, null, null, null, null, null, null, null, null, null, null, null, null, null, null, null, null, null, null, null, null);
INSERT INTO pmieducar.turma (cod_turma, ref_usuario_exc, ref_usuario_cad, ref_ref_cod_serie, ref_ref_cod_escola, ref_cod_infra_predio_comodo, nm_turma, sgl_turma, max_aluno, multiseriada, data_cadastro, data_exclusao, ativo, ref_cod_turma_tipo, hora_inicial, hora_final, hora_inicio_intervalo, hora_fim_intervalo, ref_cod_regente, ref_cod_instituicao_regente, ref_cod_instituicao, ref_cod_curso, ref_ref_cod_serie_mult, ref_ref_cod_escola_mult, visivel, tipo_boletim, turma_turno_id, ano, tipo_atendimento, turma_mais_educacao, atividade_complementar_1, atividade_complementar_2, atividade_complementar_3, atividade_complementar_4, atividade_complementar_5, atividade_complementar_6, aee_braille, aee_recurso_optico, aee_estrategia_desenvolvimento, aee_tecnica_mobilidade, aee_libras, aee_caa, aee_curricular, aee_soroban, aee_informatica, aee_lingua_escrita, aee_autonomia, cod_curso_profissional, etapa_educacenso, ref_cod_disciplina_dispensada, parecer_1_etapa, parecer_2_etapa, parecer_3_etapa, parecer_4_etapa, nao_informar_educacenso, tipo_mediacao_didatico_pedagogico, tipo_boletim_diferenciado, dias_semana, atividades_complementares, atividades_aee) VALUES (780, null, 4265, 10, 117960, null, '7º Ano 703', '703', 99, 0, '2017-12-19 20:05:40.856503', null, 1, 1, '12:50:00', '16:50:00', '15:05:00', '15:20:00', null, null, 1, 1181, null, null, true, 1, 2, 2018, null, null, null, null, null, null, null, null, null, null, null, null, null, null, null, null, null, null, null, null, null, null, null, null, null, null, null, null, null, null, null, null);
INSERT INTO pmieducar.turma (cod_turma, ref_usuario_exc, ref_usuario_cad, ref_ref_cod_serie, ref_ref_cod_escola, ref_cod_infra_predio_comodo, nm_turma, sgl_turma, max_aluno, multiseriada, data_cadastro, data_exclusao, ativo, ref_cod_turma_tipo, hora_inicial, hora_final, hora_inicio_intervalo, hora_fim_intervalo, ref_cod_regente, ref_cod_instituicao_regente, ref_cod_instituicao, ref_cod_curso, ref_ref_cod_serie_mult, ref_ref_cod_escola_mult, visivel, tipo_boletim, turma_turno_id, ano, tipo_atendimento, turma_mais_educacao, atividade_complementar_1, atividade_complementar_2, atividade_complementar_3, atividade_complementar_4, atividade_complementar_5, atividade_complementar_6, aee_braille, aee_recurso_optico, aee_estrategia_desenvolvimento, aee_tecnica_mobilidade, aee_libras, aee_caa, aee_curricular, aee_soroban, aee_informatica, aee_lingua_escrita, aee_autonomia, cod_curso_profissional, etapa_educacenso, ref_cod_disciplina_dispensada, parecer_1_etapa, parecer_2_etapa, parecer_3_etapa, parecer_4_etapa, nao_informar_educacenso, tipo_mediacao_didatico_pedagogico, tipo_boletim_diferenciado, dias_semana, atividades_complementares, atividades_aee) VALUES (781, null, 1, 1, 117960, null, '1º Ano 102', '1º Ano 102', 99, 0, '2017-12-19 20:05:40.886936', null, 1, 1, '12:50:00', '16:50:00', '14:20:00', '14:40:00', null, null, 1, 1180, null, null, true, 36, 2, 2018, null, null, null, null, null, null, null, null, null, null, null, null, null, null, null, null, null, null, null, null, null, null, null, null, null, null, null, null, null, null, null, null);
INSERT INTO pmieducar.turma (cod_turma, ref_usuario_exc, ref_usuario_cad, ref_ref_cod_serie, ref_ref_cod_escola, ref_cod_infra_predio_comodo, nm_turma, sgl_turma, max_aluno, multiseriada, data_cadastro, data_exclusao, ativo, ref_cod_turma_tipo, hora_inicial, hora_final, hora_inicio_intervalo, hora_fim_intervalo, ref_cod_regente, ref_cod_instituicao_regente, ref_cod_instituicao, ref_cod_curso, ref_ref_cod_serie_mult, ref_ref_cod_escola_mult, visivel, tipo_boletim, turma_turno_id, ano, tipo_atendimento, turma_mais_educacao, atividade_complementar_1, atividade_complementar_2, atividade_complementar_3, atividade_complementar_4, atividade_complementar_5, atividade_complementar_6, aee_braille, aee_recurso_optico, aee_estrategia_desenvolvimento, aee_tecnica_mobilidade, aee_libras, aee_caa, aee_curricular, aee_soroban, aee_informatica, aee_lingua_escrita, aee_autonomia, cod_curso_profissional, etapa_educacenso, ref_cod_disciplina_dispensada, parecer_1_etapa, parecer_2_etapa, parecer_3_etapa, parecer_4_etapa, nao_informar_educacenso, tipo_mediacao_didatico_pedagogico, tipo_boletim_diferenciado, dias_semana, atividades_complementares, atividades_aee) VALUES (782, null, 1, 1, 117960, null, '1º Ano 101', '1º Ano 101', 99, 0, '2017-12-19 20:05:40.895832', null, 1, 1, '07:30:00', '11:30:00', '09:20:00', '09:40:00', null, null, 1, 1180, null, null, true, 36, 1, 2018, null, null, null, null, null, null, null, null, null, null, null, null, null, null, null, null, null, null, null, null, null, null, null, null, null, null, null, null, null, null, null, null);
INSERT INTO pmieducar.turma (cod_turma, ref_usuario_exc, ref_usuario_cad, ref_ref_cod_serie, ref_ref_cod_escola, ref_cod_infra_predio_comodo, nm_turma, sgl_turma, max_aluno, multiseriada, data_cadastro, data_exclusao, ativo, ref_cod_turma_tipo, hora_inicial, hora_final, hora_inicio_intervalo, hora_fim_intervalo, ref_cod_regente, ref_cod_instituicao_regente, ref_cod_instituicao, ref_cod_curso, ref_ref_cod_serie_mult, ref_ref_cod_escola_mult, visivel, tipo_boletim, turma_turno_id, ano, tipo_atendimento, turma_mais_educacao, atividade_complementar_1, atividade_complementar_2, atividade_complementar_3, atividade_complementar_4, atividade_complementar_5, atividade_complementar_6, aee_braille, aee_recurso_optico, aee_estrategia_desenvolvimento, aee_tecnica_mobilidade, aee_libras, aee_caa, aee_curricular, aee_soroban, aee_informatica, aee_lingua_escrita, aee_autonomia, cod_curso_profissional, etapa_educacenso, ref_cod_disciplina_dispensada, parecer_1_etapa, parecer_2_etapa, parecer_3_etapa, parecer_4_etapa, nao_informar_educacenso, tipo_mediacao_didatico_pedagogico, tipo_boletim_diferenciado, dias_semana, atividades_complementares, atividades_aee) VALUES (783, null, 1, 2, 117960, null, '2º Ano 201', '2º Ano 201', 99, 0, '2017-12-19 20:05:40.904043', null, 1, 1, '07:30:00', '11:30:00', '09:45:00', '10:00:00', null, null, 1, 1180, null, null, true, 36, 1, 2018, null, null, null, null, null, null, null, null, null, null, null, null, null, null, null, null, null, null, null, null, null, null, null, null, null, null, null, null, null, null, null, null);
INSERT INTO pmieducar.turma (cod_turma, ref_usuario_exc, ref_usuario_cad, ref_ref_cod_serie, ref_ref_cod_escola, ref_cod_infra_predio_comodo, nm_turma, sgl_turma, max_aluno, multiseriada, data_cadastro, data_exclusao, ativo, ref_cod_turma_tipo, hora_inicial, hora_final, hora_inicio_intervalo, hora_fim_intervalo, ref_cod_regente, ref_cod_instituicao_regente, ref_cod_instituicao, ref_cod_curso, ref_ref_cod_serie_mult, ref_ref_cod_escola_mult, visivel, tipo_boletim, turma_turno_id, ano, tipo_atendimento, turma_mais_educacao, atividade_complementar_1, atividade_complementar_2, atividade_complementar_3, atividade_complementar_4, atividade_complementar_5, atividade_complementar_6, aee_braille, aee_recurso_optico, aee_estrategia_desenvolvimento, aee_tecnica_mobilidade, aee_libras, aee_caa, aee_curricular, aee_soroban, aee_informatica, aee_lingua_escrita, aee_autonomia, cod_curso_profissional, etapa_educacenso, ref_cod_disciplina_dispensada, parecer_1_etapa, parecer_2_etapa, parecer_3_etapa, parecer_4_etapa, nao_informar_educacenso, tipo_mediacao_didatico_pedagogico, tipo_boletim_diferenciado, dias_semana, atividades_complementares, atividades_aee) VALUES (784, null, 1, 2, 117960, null, '2º Ano 202', '2º Ano 202', 99, 0, '2017-12-19 20:05:40.911856', null, 1, 1, '12:50:00', '16:50:00', '15:02:00', '15:22:00', null, null, 1, 1180, null, null, true, 36, 2, 2018, null, null, null, null, null, null, null, null, null, null, null, null, null, null, null, null, null, null, null, null, null, null, null, null, null, null, null, null, null, null, null, null);
INSERT INTO pmieducar.turma (cod_turma, ref_usuario_exc, ref_usuario_cad, ref_ref_cod_serie, ref_ref_cod_escola, ref_cod_infra_predio_comodo, nm_turma, sgl_turma, max_aluno, multiseriada, data_cadastro, data_exclusao, ativo, ref_cod_turma_tipo, hora_inicial, hora_final, hora_inicio_intervalo, hora_fim_intervalo, ref_cod_regente, ref_cod_instituicao_regente, ref_cod_instituicao, ref_cod_curso, ref_ref_cod_serie_mult, ref_ref_cod_escola_mult, visivel, tipo_boletim, turma_turno_id, ano, tipo_atendimento, turma_mais_educacao, atividade_complementar_1, atividade_complementar_2, atividade_complementar_3, atividade_complementar_4, atividade_complementar_5, atividade_complementar_6, aee_braille, aee_recurso_optico, aee_estrategia_desenvolvimento, aee_tecnica_mobilidade, aee_libras, aee_caa, aee_curricular, aee_soroban, aee_informatica, aee_lingua_escrita, aee_autonomia, cod_curso_profissional, etapa_educacenso, ref_cod_disciplina_dispensada, parecer_1_etapa, parecer_2_etapa, parecer_3_etapa, parecer_4_etapa, nao_informar_educacenso, tipo_mediacao_didatico_pedagogico, tipo_boletim_diferenciado, dias_semana, atividades_complementares, atividades_aee) VALUES (785, null, 4265, 11, 117960, null, '803 8º Ano ', '803', 36, 0, '2017-12-19 20:05:40.919932', null, 1, 1, '13:00:00', '17:00:00', '15:02:00', '15:22:00', null, null, 1, 1181, null, null, true, 1, 2, 2018, null, null, null, null, null, null, null, null, null, null, null, null, null, null, null, null, null, null, null, null, null, null, null, null, null, null, null, null, null, null, null, null);
INSERT INTO pmieducar.turma (cod_turma, ref_usuario_exc, ref_usuario_cad, ref_ref_cod_serie, ref_ref_cod_escola, ref_cod_infra_predio_comodo, nm_turma, sgl_turma, max_aluno, multiseriada, data_cadastro, data_exclusao, ativo, ref_cod_turma_tipo, hora_inicial, hora_final, hora_inicio_intervalo, hora_fim_intervalo, ref_cod_regente, ref_cod_instituicao_regente, ref_cod_instituicao, ref_cod_curso, ref_ref_cod_serie_mult, ref_ref_cod_escola_mult, visivel, tipo_boletim, turma_turno_id, ano, tipo_atendimento, turma_mais_educacao, atividade_complementar_1, atividade_complementar_2, atividade_complementar_3, atividade_complementar_4, atividade_complementar_5, atividade_complementar_6, aee_braille, aee_recurso_optico, aee_estrategia_desenvolvimento, aee_tecnica_mobilidade, aee_libras, aee_caa, aee_curricular, aee_soroban, aee_informatica, aee_lingua_escrita, aee_autonomia, cod_curso_profissional, etapa_educacenso, ref_cod_disciplina_dispensada, parecer_1_etapa, parecer_2_etapa, parecer_3_etapa, parecer_4_etapa, nao_informar_educacenso, tipo_mediacao_didatico_pedagogico, tipo_boletim_diferenciado, dias_semana, atividades_complementares, atividades_aee) VALUES (699, 17219, 4264, 15, 5, null, 'NÍVEL  IV ', '', 25, 0, '2017-12-18 13:33:30.821236', '2018-07-05 13:56:28.867017', 1, 1, '07:30:00', '17:00:00', '09:00:00', '09:00:00', null, 1, 1, 2, null, null, true, 47, 4, 2018, -1, null, null, null, null, null, null, null, 0, 0, 0, 0, 0, 0, 0, 0, 0, 0, 0, null, null, 2, null, null, null, null, 0, 1, null, null, null, null);
INSERT INTO pmieducar.turma (cod_turma, ref_usuario_exc, ref_usuario_cad, ref_ref_cod_serie, ref_ref_cod_escola, ref_cod_infra_predio_comodo, nm_turma, sgl_turma, max_aluno, multiseriada, data_cadastro, data_exclusao, ativo, ref_cod_turma_tipo, hora_inicial, hora_final, hora_inicio_intervalo, hora_fim_intervalo, ref_cod_regente, ref_cod_instituicao_regente, ref_cod_instituicao, ref_cod_curso, ref_ref_cod_serie_mult, ref_ref_cod_escola_mult, visivel, tipo_boletim, turma_turno_id, ano, tipo_atendimento, turma_mais_educacao, atividade_complementar_1, atividade_complementar_2, atividade_complementar_3, atividade_complementar_4, atividade_complementar_5, atividade_complementar_6, aee_braille, aee_recurso_optico, aee_estrategia_desenvolvimento, aee_tecnica_mobilidade, aee_libras, aee_caa, aee_curricular, aee_soroban, aee_informatica, aee_lingua_escrita, aee_autonomia, cod_curso_profissional, etapa_educacenso, ref_cod_disciplina_dispensada, parecer_1_etapa, parecer_2_etapa, parecer_3_etapa, parecer_4_etapa, nao_informar_educacenso, tipo_mediacao_didatico_pedagogico, tipo_boletim_diferenciado, dias_semana, atividades_complementares, atividades_aee) VALUES (700, null, 1, 2, 13960, null, '2º Ano 201', '2º Ano 201', 99, 0, '2017-12-18 13:45:17.648157', null, 1, 1, '13:00:00', '17:00:00', '10:15:00', '15:15:00', null, null, 1, 1180, null, null, true, 36, 2, 2018, null, null, null, null, null, null, null, null, null, null, null, null, null, null, null, null, null, null, null, null, null, null, null, null, null, null, null, null, null, null, null, null);
INSERT INTO pmieducar.turma (cod_turma, ref_usuario_exc, ref_usuario_cad, ref_ref_cod_serie, ref_ref_cod_escola, ref_cod_infra_predio_comodo, nm_turma, sgl_turma, max_aluno, multiseriada, data_cadastro, data_exclusao, ativo, ref_cod_turma_tipo, hora_inicial, hora_final, hora_inicio_intervalo, hora_fim_intervalo, ref_cod_regente, ref_cod_instituicao_regente, ref_cod_instituicao, ref_cod_curso, ref_ref_cod_serie_mult, ref_ref_cod_escola_mult, visivel, tipo_boletim, turma_turno_id, ano, tipo_atendimento, turma_mais_educacao, atividade_complementar_1, atividade_complementar_2, atividade_complementar_3, atividade_complementar_4, atividade_complementar_5, atividade_complementar_6, aee_braille, aee_recurso_optico, aee_estrategia_desenvolvimento, aee_tecnica_mobilidade, aee_libras, aee_caa, aee_curricular, aee_soroban, aee_informatica, aee_lingua_escrita, aee_autonomia, cod_curso_profissional, etapa_educacenso, ref_cod_disciplina_dispensada, parecer_1_etapa, parecer_2_etapa, parecer_3_etapa, parecer_4_etapa, nao_informar_educacenso, tipo_mediacao_didatico_pedagogico, tipo_boletim_diferenciado, dias_semana, atividades_complementares, atividades_aee) VALUES (701, null, 1, 5, 13960, null, '5º Ano 501', '5º Ano 501', 99, 0, '2017-12-18 13:45:17.692378', null, 1, 1, '08:00:00', '12:00:00', '10:00:00', '15:00:00', null, null, 1, 1180, null, null, true, 1, 1, 2018, null, null, null, null, null, null, null, null, null, null, null, null, null, null, null, null, null, null, null, null, null, null, null, null, null, null, null, null, null, null, null, null);
INSERT INTO pmieducar.turma (cod_turma, ref_usuario_exc, ref_usuario_cad, ref_ref_cod_serie, ref_ref_cod_escola, ref_cod_infra_predio_comodo, nm_turma, sgl_turma, max_aluno, multiseriada, data_cadastro, data_exclusao, ativo, ref_cod_turma_tipo, hora_inicial, hora_final, hora_inicio_intervalo, hora_fim_intervalo, ref_cod_regente, ref_cod_instituicao_regente, ref_cod_instituicao, ref_cod_curso, ref_ref_cod_serie_mult, ref_ref_cod_escola_mult, visivel, tipo_boletim, turma_turno_id, ano, tipo_atendimento, turma_mais_educacao, atividade_complementar_1, atividade_complementar_2, atividade_complementar_3, atividade_complementar_4, atividade_complementar_5, atividade_complementar_6, aee_braille, aee_recurso_optico, aee_estrategia_desenvolvimento, aee_tecnica_mobilidade, aee_libras, aee_caa, aee_curricular, aee_soroban, aee_informatica, aee_lingua_escrita, aee_autonomia, cod_curso_profissional, etapa_educacenso, ref_cod_disciplina_dispensada, parecer_1_etapa, parecer_2_etapa, parecer_3_etapa, parecer_4_etapa, nao_informar_educacenso, tipo_mediacao_didatico_pedagogico, tipo_boletim_diferenciado, dias_semana, atividades_complementares, atividades_aee) VALUES (702, null, 1, 4, 13960, null, '4º Ano 401', '4º Ano 401', 99, 0, '2017-12-18 13:45:17.718094', null, 1, 1, '08:00:00', '12:00:00', '10:00:00', '15:00:00', null, null, 1, 1180, null, null, true, 1, 1, 2018, null, null, null, null, null, null, null, null, null, null, null, null, null, null, null, null, null, null, null, null, null, null, null, null, null, null, null, null, null, null, null, null);
INSERT INTO pmieducar.turma (cod_turma, ref_usuario_exc, ref_usuario_cad, ref_ref_cod_serie, ref_ref_cod_escola, ref_cod_infra_predio_comodo, nm_turma, sgl_turma, max_aluno, multiseriada, data_cadastro, data_exclusao, ativo, ref_cod_turma_tipo, hora_inicial, hora_final, hora_inicio_intervalo, hora_fim_intervalo, ref_cod_regente, ref_cod_instituicao_regente, ref_cod_instituicao, ref_cod_curso, ref_ref_cod_serie_mult, ref_ref_cod_escola_mult, visivel, tipo_boletim, turma_turno_id, ano, tipo_atendimento, turma_mais_educacao, atividade_complementar_1, atividade_complementar_2, atividade_complementar_3, atividade_complementar_4, atividade_complementar_5, atividade_complementar_6, aee_braille, aee_recurso_optico, aee_estrategia_desenvolvimento, aee_tecnica_mobilidade, aee_libras, aee_caa, aee_curricular, aee_soroban, aee_informatica, aee_lingua_escrita, aee_autonomia, cod_curso_profissional, etapa_educacenso, ref_cod_disciplina_dispensada, parecer_1_etapa, parecer_2_etapa, parecer_3_etapa, parecer_4_etapa, nao_informar_educacenso, tipo_mediacao_didatico_pedagogico, tipo_boletim_diferenciado, dias_semana, atividades_complementares, atividades_aee) VALUES (703, null, 1, 3, 13960, null, '3º Ano 301', '3º Ano 301', 99, 0, '2017-12-18 13:45:17.731165', null, 1, 1, '12:50:00', '16:50:00', '15:05:00', '15:20:00', null, null, 1, 1180, null, null, true, 1, 2, 2018, null, null, null, null, null, null, null, null, null, null, null, null, null, null, null, null, null, null, null, null, null, null, null, null, null, null, null, null, null, null, null, null);
INSERT INTO pmieducar.turma (cod_turma, ref_usuario_exc, ref_usuario_cad, ref_ref_cod_serie, ref_ref_cod_escola, ref_cod_infra_predio_comodo, nm_turma, sgl_turma, max_aluno, multiseriada, data_cadastro, data_exclusao, ativo, ref_cod_turma_tipo, hora_inicial, hora_final, hora_inicio_intervalo, hora_fim_intervalo, ref_cod_regente, ref_cod_instituicao_regente, ref_cod_instituicao, ref_cod_curso, ref_ref_cod_serie_mult, ref_ref_cod_escola_mult, visivel, tipo_boletim, turma_turno_id, ano, tipo_atendimento, turma_mais_educacao, atividade_complementar_1, atividade_complementar_2, atividade_complementar_3, atividade_complementar_4, atividade_complementar_5, atividade_complementar_6, aee_braille, aee_recurso_optico, aee_estrategia_desenvolvimento, aee_tecnica_mobilidade, aee_libras, aee_caa, aee_curricular, aee_soroban, aee_informatica, aee_lingua_escrita, aee_autonomia, cod_curso_profissional, etapa_educacenso, ref_cod_disciplina_dispensada, parecer_1_etapa, parecer_2_etapa, parecer_3_etapa, parecer_4_etapa, nao_informar_educacenso, tipo_mediacao_didatico_pedagogico, tipo_boletim_diferenciado, dias_semana, atividades_complementares, atividades_aee) VALUES (704, null, 1, 1, 13960, null, '1º Ano 101', '1º Ano 101', 99, 0, '2017-12-18 13:45:17.743091', null, 1, 1, '07:30:00', '11:30:00', '09:45:00', '10:05:00', null, null, 1, 1180, null, null, true, 36, 1, 2018, null, null, null, null, null, null, null, null, null, null, null, null, null, null, null, null, null, null, null, null, null, null, null, null, null, null, null, null, null, null, null, null);
INSERT INTO pmieducar.turma (cod_turma, ref_usuario_exc, ref_usuario_cad, ref_ref_cod_serie, ref_ref_cod_escola, ref_cod_infra_predio_comodo, nm_turma, sgl_turma, max_aluno, multiseriada, data_cadastro, data_exclusao, ativo, ref_cod_turma_tipo, hora_inicial, hora_final, hora_inicio_intervalo, hora_fim_intervalo, ref_cod_regente, ref_cod_instituicao_regente, ref_cod_instituicao, ref_cod_curso, ref_ref_cod_serie_mult, ref_ref_cod_escola_mult, visivel, tipo_boletim, turma_turno_id, ano, tipo_atendimento, turma_mais_educacao, atividade_complementar_1, atividade_complementar_2, atividade_complementar_3, atividade_complementar_4, atividade_complementar_5, atividade_complementar_6, aee_braille, aee_recurso_optico, aee_estrategia_desenvolvimento, aee_tecnica_mobilidade, aee_libras, aee_caa, aee_curricular, aee_soroban, aee_informatica, aee_lingua_escrita, aee_autonomia, cod_curso_profissional, etapa_educacenso, ref_cod_disciplina_dispensada, parecer_1_etapa, parecer_2_etapa, parecer_3_etapa, parecer_4_etapa, nao_informar_educacenso, tipo_mediacao_didatico_pedagogico, tipo_boletim_diferenciado, dias_semana, atividades_complementares, atividades_aee) VALUES (786, 4259, 4259, 11, 13951, null, ' 803 Ano ', '', 35, 0, '2017-12-19 22:06:35.367580', '2017-12-19 22:11:56.281480', 1, 1, '13:00:00', '17:00:00', '15:10:00', '15:25:00', null, null, 1, 1181, null, null, true, 1, 2, 2018, -1, 0, null, null, null, null, null, null, 0, 0, 0, 0, 0, 0, 0, 0, 0, 0, 0, null, null, null, null, null, null, null, 0, 1, null, null, null, null);
INSERT INTO pmieducar.turma (cod_turma, ref_usuario_exc, ref_usuario_cad, ref_ref_cod_serie, ref_ref_cod_escola, ref_cod_infra_predio_comodo, nm_turma, sgl_turma, max_aluno, multiseriada, data_cadastro, data_exclusao, ativo, ref_cod_turma_tipo, hora_inicial, hora_final, hora_inicio_intervalo, hora_fim_intervalo, ref_cod_regente, ref_cod_instituicao_regente, ref_cod_instituicao, ref_cod_curso, ref_ref_cod_serie_mult, ref_ref_cod_escola_mult, visivel, tipo_boletim, turma_turno_id, ano, tipo_atendimento, turma_mais_educacao, atividade_complementar_1, atividade_complementar_2, atividade_complementar_3, atividade_complementar_4, atividade_complementar_5, atividade_complementar_6, aee_braille, aee_recurso_optico, aee_estrategia_desenvolvimento, aee_tecnica_mobilidade, aee_libras, aee_caa, aee_curricular, aee_soroban, aee_informatica, aee_lingua_escrita, aee_autonomia, cod_curso_profissional, etapa_educacenso, ref_cod_disciplina_dispensada, parecer_1_etapa, parecer_2_etapa, parecer_3_etapa, parecer_4_etapa, nao_informar_educacenso, tipo_mediacao_didatico_pedagogico, tipo_boletim_diferenciado, dias_semana, atividades_complementares, atividades_aee) VALUES (767, 4265, 4265, 10, 117960, null, '7º Ano 702', '702', 45, 0, '2017-12-19 20:05:40.692855', '2017-12-21 22:10:48.152592', 1, 1, '13:00:00', '17:00:00', '15:02:00', '15:22:00', null, null, 1, 1181, null, null, true, 1, 2, 2018, -1, 0, null, null, null, null, null, null, 0, 0, 0, 0, 0, 0, 0, 0, 0, 0, 0, null, null, null, null, null, null, null, 0, 1, null, null, null, null);
INSERT INTO pmieducar.turma (cod_turma, ref_usuario_exc, ref_usuario_cad, ref_ref_cod_serie, ref_ref_cod_escola, ref_cod_infra_predio_comodo, nm_turma, sgl_turma, max_aluno, multiseriada, data_cadastro, data_exclusao, ativo, ref_cod_turma_tipo, hora_inicial, hora_final, hora_inicio_intervalo, hora_fim_intervalo, ref_cod_regente, ref_cod_instituicao_regente, ref_cod_instituicao, ref_cod_curso, ref_ref_cod_serie_mult, ref_ref_cod_escola_mult, visivel, tipo_boletim, turma_turno_id, ano, tipo_atendimento, turma_mais_educacao, atividade_complementar_1, atividade_complementar_2, atividade_complementar_3, atividade_complementar_4, atividade_complementar_5, atividade_complementar_6, aee_braille, aee_recurso_optico, aee_estrategia_desenvolvimento, aee_tecnica_mobilidade, aee_libras, aee_caa, aee_curricular, aee_soroban, aee_informatica, aee_lingua_escrita, aee_autonomia, cod_curso_profissional, etapa_educacenso, ref_cod_disciplina_dispensada, parecer_1_etapa, parecer_2_etapa, parecer_3_etapa, parecer_4_etapa, nao_informar_educacenso, tipo_mediacao_didatico_pedagogico, tipo_boletim_diferenciado, dias_semana, atividades_complementares, atividades_aee) VALUES (753, 17219, 4263, 13, 4, null, 'BERÇARIO', '', 30, 0, '2017-12-19 13:27:14.635952', '2018-07-06 13:59:18.266068', 1, 1, '06:30:00', '18:30:00', '09:00:00', '09:00:00', null, 1, 1, 2, null, null, true, 47, 4, 2018, null, null, null, null, null, null, null, null, null, null, null, null, null, null, null, null, null, null, null, null, null, null, null, null, null, null, 0, 1, null, null, null, null);
INSERT INTO pmieducar.turma (cod_turma, ref_usuario_exc, ref_usuario_cad, ref_ref_cod_serie, ref_ref_cod_escola, ref_cod_infra_predio_comodo, nm_turma, sgl_turma, max_aluno, multiseriada, data_cadastro, data_exclusao, ativo, ref_cod_turma_tipo, hora_inicial, hora_final, hora_inicio_intervalo, hora_fim_intervalo, ref_cod_regente, ref_cod_instituicao_regente, ref_cod_instituicao, ref_cod_curso, ref_ref_cod_serie_mult, ref_ref_cod_escola_mult, visivel, tipo_boletim, turma_turno_id, ano, tipo_atendimento, turma_mais_educacao, atividade_complementar_1, atividade_complementar_2, atividade_complementar_3, atividade_complementar_4, atividade_complementar_5, atividade_complementar_6, aee_braille, aee_recurso_optico, aee_estrategia_desenvolvimento, aee_tecnica_mobilidade, aee_libras, aee_caa, aee_curricular, aee_soroban, aee_informatica, aee_lingua_escrita, aee_autonomia, cod_curso_profissional, etapa_educacenso, ref_cod_disciplina_dispensada, parecer_1_etapa, parecer_2_etapa, parecer_3_etapa, parecer_4_etapa, nao_informar_educacenso, tipo_mediacao_didatico_pedagogico, tipo_boletim_diferenciado, dias_semana, atividades_complementares, atividades_aee) VALUES (750, 17219, 4263, 13, 4, null, 'NÍVEL I', '', 30, 0, '2017-12-19 13:27:14.367959', '2018-07-06 13:59:38.352216', 1, 1, '06:30:00', '18:30:00', '09:00:00', '09:00:00', null, 1, 1, 2, null, null, true, 47, 4, 2018, null, null, null, null, null, null, null, null, null, null, null, null, null, null, null, null, null, null, null, null, null, null, null, null, null, null, 0, 1, null, null, null, null);
INSERT INTO pmieducar.turma (cod_turma, ref_usuario_exc, ref_usuario_cad, ref_ref_cod_serie, ref_ref_cod_escola, ref_cod_infra_predio_comodo, nm_turma, sgl_turma, max_aluno, multiseriada, data_cadastro, data_exclusao, ativo, ref_cod_turma_tipo, hora_inicial, hora_final, hora_inicio_intervalo, hora_fim_intervalo, ref_cod_regente, ref_cod_instituicao_regente, ref_cod_instituicao, ref_cod_curso, ref_ref_cod_serie_mult, ref_ref_cod_escola_mult, visivel, tipo_boletim, turma_turno_id, ano, tipo_atendimento, turma_mais_educacao, atividade_complementar_1, atividade_complementar_2, atividade_complementar_3, atividade_complementar_4, atividade_complementar_5, atividade_complementar_6, aee_braille, aee_recurso_optico, aee_estrategia_desenvolvimento, aee_tecnica_mobilidade, aee_libras, aee_caa, aee_curricular, aee_soroban, aee_informatica, aee_lingua_escrita, aee_autonomia, cod_curso_profissional, etapa_educacenso, ref_cod_disciplina_dispensada, parecer_1_etapa, parecer_2_etapa, parecer_3_etapa, parecer_4_etapa, nao_informar_educacenso, tipo_mediacao_didatico_pedagogico, tipo_boletim_diferenciado, dias_semana, atividades_complementares, atividades_aee) VALUES (751, 17219, 4263, 13, 4, null, 'NÍVEL II', '', 30, 0, '2017-12-19 13:27:14.508802', '2018-07-06 13:59:55.151644', 1, 1, '06:30:00', '18:30:00', '09:00:00', '09:00:00', null, 1, 1, 2, null, null, true, 47, 4, 2018, null, null, null, null, null, null, null, null, null, null, null, null, null, null, null, null, null, null, null, null, null, null, null, null, null, null, 0, 1, null, null, null, null);
INSERT INTO pmieducar.turma (cod_turma, ref_usuario_exc, ref_usuario_cad, ref_ref_cod_serie, ref_ref_cod_escola, ref_cod_infra_predio_comodo, nm_turma, sgl_turma, max_aluno, multiseriada, data_cadastro, data_exclusao, ativo, ref_cod_turma_tipo, hora_inicial, hora_final, hora_inicio_intervalo, hora_fim_intervalo, ref_cod_regente, ref_cod_instituicao_regente, ref_cod_instituicao, ref_cod_curso, ref_ref_cod_serie_mult, ref_ref_cod_escola_mult, visivel, tipo_boletim, turma_turno_id, ano, tipo_atendimento, turma_mais_educacao, atividade_complementar_1, atividade_complementar_2, atividade_complementar_3, atividade_complementar_4, atividade_complementar_5, atividade_complementar_6, aee_braille, aee_recurso_optico, aee_estrategia_desenvolvimento, aee_tecnica_mobilidade, aee_libras, aee_caa, aee_curricular, aee_soroban, aee_informatica, aee_lingua_escrita, aee_autonomia, cod_curso_profissional, etapa_educacenso, ref_cod_disciplina_dispensada, parecer_1_etapa, parecer_2_etapa, parecer_3_etapa, parecer_4_etapa, nao_informar_educacenso, tipo_mediacao_didatico_pedagogico, tipo_boletim_diferenciado, dias_semana, atividades_complementares, atividades_aee) VALUES (752, 17219, 4263, 13, 4, null, 'NÍVEL  II E III', '', 30, 0, '2017-12-19 13:27:14.591167', '2018-07-06 14:00:15.648077', 1, 1, '06:30:00', '18:30:00', '09:00:00', '09:00:00', null, 1, 1, 2, null, null, true, 47, 4, 2018, -1, null, null, null, null, null, null, null, 0, 0, 0, 0, 0, 0, 0, 0, 0, 0, 0, null, null, null, null, null, null, null, 0, 1, null, null, null, null);
INSERT INTO pmieducar.turma (cod_turma, ref_usuario_exc, ref_usuario_cad, ref_ref_cod_serie, ref_ref_cod_escola, ref_cod_infra_predio_comodo, nm_turma, sgl_turma, max_aluno, multiseriada, data_cadastro, data_exclusao, ativo, ref_cod_turma_tipo, hora_inicial, hora_final, hora_inicio_intervalo, hora_fim_intervalo, ref_cod_regente, ref_cod_instituicao_regente, ref_cod_instituicao, ref_cod_curso, ref_ref_cod_serie_mult, ref_ref_cod_escola_mult, visivel, tipo_boletim, turma_turno_id, ano, tipo_atendimento, turma_mais_educacao, atividade_complementar_1, atividade_complementar_2, atividade_complementar_3, atividade_complementar_4, atividade_complementar_5, atividade_complementar_6, aee_braille, aee_recurso_optico, aee_estrategia_desenvolvimento, aee_tecnica_mobilidade, aee_libras, aee_caa, aee_curricular, aee_soroban, aee_informatica, aee_lingua_escrita, aee_autonomia, cod_curso_profissional, etapa_educacenso, ref_cod_disciplina_dispensada, parecer_1_etapa, parecer_2_etapa, parecer_3_etapa, parecer_4_etapa, nao_informar_educacenso, tipo_mediacao_didatico_pedagogico, tipo_boletim_diferenciado, dias_semana, atividades_complementares, atividades_aee) VALUES (740, 17219, 1, 13, 12, null, 'NÍVEL III ', '', 20, 0, '2017-12-19 08:43:28.452230', '2018-07-06 14:05:14.821479', 1, 1, null, null, null, null, null, 1, 1, 2, null, null, true, 47, 4, 2018, -1, null, null, null, null, null, null, null, 0, 0, 0, 0, 0, 0, 0, 0, 0, 0, 0, null, null, null, null, null, null, null, 0, 1, null, null, null, null);
INSERT INTO pmieducar.turma (cod_turma, ref_usuario_exc, ref_usuario_cad, ref_ref_cod_serie, ref_ref_cod_escola, ref_cod_infra_predio_comodo, nm_turma, sgl_turma, max_aluno, multiseriada, data_cadastro, data_exclusao, ativo, ref_cod_turma_tipo, hora_inicial, hora_final, hora_inicio_intervalo, hora_fim_intervalo, ref_cod_regente, ref_cod_instituicao_regente, ref_cod_instituicao, ref_cod_curso, ref_ref_cod_serie_mult, ref_ref_cod_escola_mult, visivel, tipo_boletim, turma_turno_id, ano, tipo_atendimento, turma_mais_educacao, atividade_complementar_1, atividade_complementar_2, atividade_complementar_3, atividade_complementar_4, atividade_complementar_5, atividade_complementar_6, aee_braille, aee_recurso_optico, aee_estrategia_desenvolvimento, aee_tecnica_mobilidade, aee_libras, aee_caa, aee_curricular, aee_soroban, aee_informatica, aee_lingua_escrita, aee_autonomia, cod_curso_profissional, etapa_educacenso, ref_cod_disciplina_dispensada, parecer_1_etapa, parecer_2_etapa, parecer_3_etapa, parecer_4_etapa, nao_informar_educacenso, tipo_mediacao_didatico_pedagogico, tipo_boletim_diferenciado, dias_semana, atividades_complementares, atividades_aee) VALUES (705, 17219, 4264, 15, 5, null, 'NÍVEL III E IV ', '', 18, 0, '2017-12-18 14:37:55.918333', '2018-07-05 13:55:20.295319', 1, 1, '13:00:00', '17:00:00', '14:00:00', '14:00:00', null, 1, 1, 2, null, null, true, 8, 2, 2018, -1, null, null, null, null, null, null, null, 0, 0, 0, 0, 0, 0, 0, 0, 0, 0, 0, null, null, 2, null, null, null, null, 0, 1, null, null, null, null);
INSERT INTO pmieducar.turma (cod_turma, ref_usuario_exc, ref_usuario_cad, ref_ref_cod_serie, ref_ref_cod_escola, ref_cod_infra_predio_comodo, nm_turma, sgl_turma, max_aluno, multiseriada, data_cadastro, data_exclusao, ativo, ref_cod_turma_tipo, hora_inicial, hora_final, hora_inicio_intervalo, hora_fim_intervalo, ref_cod_regente, ref_cod_instituicao_regente, ref_cod_instituicao, ref_cod_curso, ref_ref_cod_serie_mult, ref_ref_cod_escola_mult, visivel, tipo_boletim, turma_turno_id, ano, tipo_atendimento, turma_mais_educacao, atividade_complementar_1, atividade_complementar_2, atividade_complementar_3, atividade_complementar_4, atividade_complementar_5, atividade_complementar_6, aee_braille, aee_recurso_optico, aee_estrategia_desenvolvimento, aee_tecnica_mobilidade, aee_libras, aee_caa, aee_curricular, aee_soroban, aee_informatica, aee_lingua_escrita, aee_autonomia, cod_curso_profissional, etapa_educacenso, ref_cod_disciplina_dispensada, parecer_1_etapa, parecer_2_etapa, parecer_3_etapa, parecer_4_etapa, nao_informar_educacenso, tipo_mediacao_didatico_pedagogico, tipo_boletim_diferenciado, dias_semana, atividades_complementares, atividades_aee) VALUES (759, 17219, 1, 13, 11, null, 'NÍVEL II E III', 'NII-B', 20, 0, '2017-12-19 14:06:09.040379', '2018-07-09 07:35:35.965200', 1, 1, null, null, null, null, null, 1, 1, 2, null, null, true, 47, 4, 2018, null, null, null, null, null, null, null, null, null, null, null, null, null, null, null, null, null, null, null, null, null, null, null, null, null, null, 0, 1, null, null, null, null);
INSERT INTO pmieducar.turma (cod_turma, ref_usuario_exc, ref_usuario_cad, ref_ref_cod_serie, ref_ref_cod_escola, ref_cod_infra_predio_comodo, nm_turma, sgl_turma, max_aluno, multiseriada, data_cadastro, data_exclusao, ativo, ref_cod_turma_tipo, hora_inicial, hora_final, hora_inicio_intervalo, hora_fim_intervalo, ref_cod_regente, ref_cod_instituicao_regente, ref_cod_instituicao, ref_cod_curso, ref_ref_cod_serie_mult, ref_ref_cod_escola_mult, visivel, tipo_boletim, turma_turno_id, ano, tipo_atendimento, turma_mais_educacao, atividade_complementar_1, atividade_complementar_2, atividade_complementar_3, atividade_complementar_4, atividade_complementar_5, atividade_complementar_6, aee_braille, aee_recurso_optico, aee_estrategia_desenvolvimento, aee_tecnica_mobilidade, aee_libras, aee_caa, aee_curricular, aee_soroban, aee_informatica, aee_lingua_escrita, aee_autonomia, cod_curso_profissional, etapa_educacenso, ref_cod_disciplina_dispensada, parecer_1_etapa, parecer_2_etapa, parecer_3_etapa, parecer_4_etapa, nao_informar_educacenso, tipo_mediacao_didatico_pedagogico, tipo_boletim_diferenciado, dias_semana, atividades_complementares, atividades_aee) VALUES (754, 19166, 1, 13, 11, null, 'Nível I B', 'NI-B', 20, 0, '2017-12-19 14:06:08.574141', '2017-12-20 08:55:04.304410', 0, 1, null, null, null, null, null, null, 1, 2, null, null, true, 47, 4, 2018, null, null, null, null, null, null, null, null, null, null, null, null, null, null, null, null, null, null, null, null, null, null, null, null, null, null, null, null, null, null, null, null);
INSERT INTO pmieducar.turma (cod_turma, ref_usuario_exc, ref_usuario_cad, ref_ref_cod_serie, ref_ref_cod_escola, ref_cod_infra_predio_comodo, nm_turma, sgl_turma, max_aluno, multiseriada, data_cadastro, data_exclusao, ativo, ref_cod_turma_tipo, hora_inicial, hora_final, hora_inicio_intervalo, hora_fim_intervalo, ref_cod_regente, ref_cod_instituicao_regente, ref_cod_instituicao, ref_cod_curso, ref_ref_cod_serie_mult, ref_ref_cod_escola_mult, visivel, tipo_boletim, turma_turno_id, ano, tipo_atendimento, turma_mais_educacao, atividade_complementar_1, atividade_complementar_2, atividade_complementar_3, atividade_complementar_4, atividade_complementar_5, atividade_complementar_6, aee_braille, aee_recurso_optico, aee_estrategia_desenvolvimento, aee_tecnica_mobilidade, aee_libras, aee_caa, aee_curricular, aee_soroban, aee_informatica, aee_lingua_escrita, aee_autonomia, cod_curso_profissional, etapa_educacenso, ref_cod_disciplina_dispensada, parecer_1_etapa, parecer_2_etapa, parecer_3_etapa, parecer_4_etapa, nao_informar_educacenso, tipo_mediacao_didatico_pedagogico, tipo_boletim_diferenciado, dias_semana, atividades_complementares, atividades_aee) VALUES (756, 17219, 1, 13, 11, null, 'BERÇÁRIO', 'B1', 20, 0, '2017-12-19 14:06:08.857983', '2018-07-09 07:35:51.562045', 1, 1, null, null, null, null, null, 1, 1, 2, null, null, true, 47, 4, 2018, null, null, null, null, null, null, null, null, null, null, null, null, null, null, null, null, null, null, null, null, null, null, null, null, null, null, 0, 1, null, null, null, null);
INSERT INTO pmieducar.turma (cod_turma, ref_usuario_exc, ref_usuario_cad, ref_ref_cod_serie, ref_ref_cod_escola, ref_cod_infra_predio_comodo, nm_turma, sgl_turma, max_aluno, multiseriada, data_cadastro, data_exclusao, ativo, ref_cod_turma_tipo, hora_inicial, hora_final, hora_inicio_intervalo, hora_fim_intervalo, ref_cod_regente, ref_cod_instituicao_regente, ref_cod_instituicao, ref_cod_curso, ref_ref_cod_serie_mult, ref_ref_cod_escola_mult, visivel, tipo_boletim, turma_turno_id, ano, tipo_atendimento, turma_mais_educacao, atividade_complementar_1, atividade_complementar_2, atividade_complementar_3, atividade_complementar_4, atividade_complementar_5, atividade_complementar_6, aee_braille, aee_recurso_optico, aee_estrategia_desenvolvimento, aee_tecnica_mobilidade, aee_libras, aee_caa, aee_curricular, aee_soroban, aee_informatica, aee_lingua_escrita, aee_autonomia, cod_curso_profissional, etapa_educacenso, ref_cod_disciplina_dispensada, parecer_1_etapa, parecer_2_etapa, parecer_3_etapa, parecer_4_etapa, nao_informar_educacenso, tipo_mediacao_didatico_pedagogico, tipo_boletim_diferenciado, dias_semana, atividades_complementares, atividades_aee) VALUES (755, 17219, 1, 13, 11, null, 'NÍVEL I ', '', 20, 0, '2017-12-19 14:06:08.780814', '2018-07-09 07:36:09.823330', 1, 1, null, null, null, null, null, 1, 1, 2, null, null, true, 47, 4, 2018, -1, null, null, null, null, null, null, null, 0, 0, 0, 0, 0, 0, 0, 0, 0, 0, 0, null, null, null, null, null, null, null, 0, 1, null, null, null, null);
INSERT INTO pmieducar.turma (cod_turma, ref_usuario_exc, ref_usuario_cad, ref_ref_cod_serie, ref_ref_cod_escola, ref_cod_infra_predio_comodo, nm_turma, sgl_turma, max_aluno, multiseriada, data_cadastro, data_exclusao, ativo, ref_cod_turma_tipo, hora_inicial, hora_final, hora_inicio_intervalo, hora_fim_intervalo, ref_cod_regente, ref_cod_instituicao_regente, ref_cod_instituicao, ref_cod_curso, ref_ref_cod_serie_mult, ref_ref_cod_escola_mult, visivel, tipo_boletim, turma_turno_id, ano, tipo_atendimento, turma_mais_educacao, atividade_complementar_1, atividade_complementar_2, atividade_complementar_3, atividade_complementar_4, atividade_complementar_5, atividade_complementar_6, aee_braille, aee_recurso_optico, aee_estrategia_desenvolvimento, aee_tecnica_mobilidade, aee_libras, aee_caa, aee_curricular, aee_soroban, aee_informatica, aee_lingua_escrita, aee_autonomia, cod_curso_profissional, etapa_educacenso, ref_cod_disciplina_dispensada, parecer_1_etapa, parecer_2_etapa, parecer_3_etapa, parecer_4_etapa, nao_informar_educacenso, tipo_mediacao_didatico_pedagogico, tipo_boletim_diferenciado, dias_semana, atividades_complementares, atividades_aee) VALUES (758, 17219, 1, 13, 11, null, 'NÍVEL II A', 'NII-A', 20, 0, '2017-12-19 14:06:08.994659', '2018-07-09 07:36:35.789063', 1, 1, null, null, null, null, null, 1, 1, 2, null, null, true, 47, 4, 2018, -1, null, null, null, null, null, null, null, 0, 0, 0, 0, 0, 0, 0, 0, 0, 0, 0, null, null, null, null, null, null, null, 0, 1, null, null, null, null);
INSERT INTO pmieducar.turma (cod_turma, ref_usuario_exc, ref_usuario_cad, ref_ref_cod_serie, ref_ref_cod_escola, ref_cod_infra_predio_comodo, nm_turma, sgl_turma, max_aluno, multiseriada, data_cadastro, data_exclusao, ativo, ref_cod_turma_tipo, hora_inicial, hora_final, hora_inicio_intervalo, hora_fim_intervalo, ref_cod_regente, ref_cod_instituicao_regente, ref_cod_instituicao, ref_cod_curso, ref_ref_cod_serie_mult, ref_ref_cod_escola_mult, visivel, tipo_boletim, turma_turno_id, ano, tipo_atendimento, turma_mais_educacao, atividade_complementar_1, atividade_complementar_2, atividade_complementar_3, atividade_complementar_4, atividade_complementar_5, atividade_complementar_6, aee_braille, aee_recurso_optico, aee_estrategia_desenvolvimento, aee_tecnica_mobilidade, aee_libras, aee_caa, aee_curricular, aee_soroban, aee_informatica, aee_lingua_escrita, aee_autonomia, cod_curso_profissional, etapa_educacenso, ref_cod_disciplina_dispensada, parecer_1_etapa, parecer_2_etapa, parecer_3_etapa, parecer_4_etapa, nao_informar_educacenso, tipo_mediacao_didatico_pedagogico, tipo_boletim_diferenciado, dias_semana, atividades_complementares, atividades_aee) VALUES (757, 17219, 1, 13, 11, null, 'NÍVEL III', 'NIII', 20, 0, '2017-12-19 14:06:08.897381', '2018-07-09 07:37:41.185424', 1, 1, null, null, null, null, null, 1, 1, 2, null, null, true, 47, 4, 2018, null, null, null, null, null, null, null, null, null, null, null, null, null, null, null, null, null, null, null, null, null, null, null, null, null, null, 0, 1, null, null, null, null);
INSERT INTO pmieducar.turma (cod_turma, ref_usuario_exc, ref_usuario_cad, ref_ref_cod_serie, ref_ref_cod_escola, ref_cod_infra_predio_comodo, nm_turma, sgl_turma, max_aluno, multiseriada, data_cadastro, data_exclusao, ativo, ref_cod_turma_tipo, hora_inicial, hora_final, hora_inicio_intervalo, hora_fim_intervalo, ref_cod_regente, ref_cod_instituicao_regente, ref_cod_instituicao, ref_cod_curso, ref_ref_cod_serie_mult, ref_ref_cod_escola_mult, visivel, tipo_boletim, turma_turno_id, ano, tipo_atendimento, turma_mais_educacao, atividade_complementar_1, atividade_complementar_2, atividade_complementar_3, atividade_complementar_4, atividade_complementar_5, atividade_complementar_6, aee_braille, aee_recurso_optico, aee_estrategia_desenvolvimento, aee_tecnica_mobilidade, aee_libras, aee_caa, aee_curricular, aee_soroban, aee_informatica, aee_lingua_escrita, aee_autonomia, cod_curso_profissional, etapa_educacenso, ref_cod_disciplina_dispensada, parecer_1_etapa, parecer_2_etapa, parecer_3_etapa, parecer_4_etapa, nao_informar_educacenso, tipo_mediacao_didatico_pedagogico, tipo_boletim_diferenciado, dias_semana, atividades_complementares, atividades_aee) VALUES (787, 17219, 4259, 13, 12, null, 'NÍVEL II', '', 20, 0, '2017-12-20 08:03:07.363069', '2018-07-06 14:05:37.502453', 1, 1, '07:00:00', '18:00:00', '11:30:00', '13:00:00', null, 1, 1, 2, null, null, true, 7, 4, 2018, -1, null, null, null, null, null, null, null, 0, 0, 0, 0, 0, 0, 0, 0, 0, 0, 0, null, null, null, null, null, null, null, 0, 1, null, null, null, null);
INSERT INTO pmieducar.turma (cod_turma, ref_usuario_exc, ref_usuario_cad, ref_ref_cod_serie, ref_ref_cod_escola, ref_cod_infra_predio_comodo, nm_turma, sgl_turma, max_aluno, multiseriada, data_cadastro, data_exclusao, ativo, ref_cod_turma_tipo, hora_inicial, hora_final, hora_inicio_intervalo, hora_fim_intervalo, ref_cod_regente, ref_cod_instituicao_regente, ref_cod_instituicao, ref_cod_curso, ref_ref_cod_serie_mult, ref_ref_cod_escola_mult, visivel, tipo_boletim, turma_turno_id, ano, tipo_atendimento, turma_mais_educacao, atividade_complementar_1, atividade_complementar_2, atividade_complementar_3, atividade_complementar_4, atividade_complementar_5, atividade_complementar_6, aee_braille, aee_recurso_optico, aee_estrategia_desenvolvimento, aee_tecnica_mobilidade, aee_libras, aee_caa, aee_curricular, aee_soroban, aee_informatica, aee_lingua_escrita, aee_autonomia, cod_curso_profissional, etapa_educacenso, ref_cod_disciplina_dispensada, parecer_1_etapa, parecer_2_etapa, parecer_3_etapa, parecer_4_etapa, nao_informar_educacenso, tipo_mediacao_didatico_pedagogico, tipo_boletim_diferenciado, dias_semana, atividades_complementares, atividades_aee) VALUES (760, null, 7129, 13, 8, null, 'NÍVEL II  -  A', '', 20, 0, '2017-12-19 14:07:18.171152', null, 1, 1, '06:30:00', '18:30:00', '14:00:00', '14:30:00', null, null, 1, 2, null, null, true, 47, 4, 2018, null, null, null, null, null, null, null, null, null, null, null, null, null, null, null, null, null, null, null, null, null, null, null, null, null, null, null, null, null, null, null, null);
INSERT INTO pmieducar.turma (cod_turma, ref_usuario_exc, ref_usuario_cad, ref_ref_cod_serie, ref_ref_cod_escola, ref_cod_infra_predio_comodo, nm_turma, sgl_turma, max_aluno, multiseriada, data_cadastro, data_exclusao, ativo, ref_cod_turma_tipo, hora_inicial, hora_final, hora_inicio_intervalo, hora_fim_intervalo, ref_cod_regente, ref_cod_instituicao_regente, ref_cod_instituicao, ref_cod_curso, ref_ref_cod_serie_mult, ref_ref_cod_escola_mult, visivel, tipo_boletim, turma_turno_id, ano, tipo_atendimento, turma_mais_educacao, atividade_complementar_1, atividade_complementar_2, atividade_complementar_3, atividade_complementar_4, atividade_complementar_5, atividade_complementar_6, aee_braille, aee_recurso_optico, aee_estrategia_desenvolvimento, aee_tecnica_mobilidade, aee_libras, aee_caa, aee_curricular, aee_soroban, aee_informatica, aee_lingua_escrita, aee_autonomia, cod_curso_profissional, etapa_educacenso, ref_cod_disciplina_dispensada, parecer_1_etapa, parecer_2_etapa, parecer_3_etapa, parecer_4_etapa, nao_informar_educacenso, tipo_mediacao_didatico_pedagogico, tipo_boletim_diferenciado, dias_semana, atividades_complementares, atividades_aee) VALUES (761, null, 7129, 13, 8, null, 'NÍVEL II - B', '', 20, 0, '2017-12-19 14:07:18.427471', null, 1, 1, '06:30:00', '18:30:00', '14:00:00', '14:30:00', null, null, 1, 2, null, null, true, 47, 4, 2018, null, null, null, null, null, null, null, null, null, null, null, null, null, null, null, null, null, null, null, null, null, null, null, null, null, null, null, null, null, null, null, null);
INSERT INTO pmieducar.turma (cod_turma, ref_usuario_exc, ref_usuario_cad, ref_ref_cod_serie, ref_ref_cod_escola, ref_cod_infra_predio_comodo, nm_turma, sgl_turma, max_aluno, multiseriada, data_cadastro, data_exclusao, ativo, ref_cod_turma_tipo, hora_inicial, hora_final, hora_inicio_intervalo, hora_fim_intervalo, ref_cod_regente, ref_cod_instituicao_regente, ref_cod_instituicao, ref_cod_curso, ref_ref_cod_serie_mult, ref_ref_cod_escola_mult, visivel, tipo_boletim, turma_turno_id, ano, tipo_atendimento, turma_mais_educacao, atividade_complementar_1, atividade_complementar_2, atividade_complementar_3, atividade_complementar_4, atividade_complementar_5, atividade_complementar_6, aee_braille, aee_recurso_optico, aee_estrategia_desenvolvimento, aee_tecnica_mobilidade, aee_libras, aee_caa, aee_curricular, aee_soroban, aee_informatica, aee_lingua_escrita, aee_autonomia, cod_curso_profissional, etapa_educacenso, ref_cod_disciplina_dispensada, parecer_1_etapa, parecer_2_etapa, parecer_3_etapa, parecer_4_etapa, nao_informar_educacenso, tipo_mediacao_didatico_pedagogico, tipo_boletim_diferenciado, dias_semana, atividades_complementares, atividades_aee) VALUES (762, null, 7129, 13, 8, null, 'NÍVEL III - A', '', 20, 0, '2017-12-19 14:07:18.576627', null, 1, 1, '06:30:00', '18:30:00', '14:00:00', '14:30:00', null, null, 1, 2, null, null, true, 47, 4, 2018, null, null, null, null, null, null, null, null, null, null, null, null, null, null, null, null, null, null, null, null, null, null, null, null, null, null, null, null, null, null, null, null);
INSERT INTO pmieducar.turma (cod_turma, ref_usuario_exc, ref_usuario_cad, ref_ref_cod_serie, ref_ref_cod_escola, ref_cod_infra_predio_comodo, nm_turma, sgl_turma, max_aluno, multiseriada, data_cadastro, data_exclusao, ativo, ref_cod_turma_tipo, hora_inicial, hora_final, hora_inicio_intervalo, hora_fim_intervalo, ref_cod_regente, ref_cod_instituicao_regente, ref_cod_instituicao, ref_cod_curso, ref_ref_cod_serie_mult, ref_ref_cod_escola_mult, visivel, tipo_boletim, turma_turno_id, ano, tipo_atendimento, turma_mais_educacao, atividade_complementar_1, atividade_complementar_2, atividade_complementar_3, atividade_complementar_4, atividade_complementar_5, atividade_complementar_6, aee_braille, aee_recurso_optico, aee_estrategia_desenvolvimento, aee_tecnica_mobilidade, aee_libras, aee_caa, aee_curricular, aee_soroban, aee_informatica, aee_lingua_escrita, aee_autonomia, cod_curso_profissional, etapa_educacenso, ref_cod_disciplina_dispensada, parecer_1_etapa, parecer_2_etapa, parecer_3_etapa, parecer_4_etapa, nao_informar_educacenso, tipo_mediacao_didatico_pedagogico, tipo_boletim_diferenciado, dias_semana, atividades_complementares, atividades_aee) VALUES (763, null, 7129, 13, 8, null, 'NÍVEL III - B', '', 20, 0, '2017-12-19 14:07:18.678692', null, 1, 1, '06:30:00', '18:30:00', '14:00:00', '14:30:00', null, null, 1, 2, null, null, true, 47, 4, 2018, null, null, null, null, null, null, null, null, null, null, null, null, null, null, null, null, null, null, null, null, null, null, null, null, null, null, null, null, null, null, null, null);
INSERT INTO pmieducar.turma (cod_turma, ref_usuario_exc, ref_usuario_cad, ref_ref_cod_serie, ref_ref_cod_escola, ref_cod_infra_predio_comodo, nm_turma, sgl_turma, max_aluno, multiseriada, data_cadastro, data_exclusao, ativo, ref_cod_turma_tipo, hora_inicial, hora_final, hora_inicio_intervalo, hora_fim_intervalo, ref_cod_regente, ref_cod_instituicao_regente, ref_cod_instituicao, ref_cod_curso, ref_ref_cod_serie_mult, ref_ref_cod_escola_mult, visivel, tipo_boletim, turma_turno_id, ano, tipo_atendimento, turma_mais_educacao, atividade_complementar_1, atividade_complementar_2, atividade_complementar_3, atividade_complementar_4, atividade_complementar_5, atividade_complementar_6, aee_braille, aee_recurso_optico, aee_estrategia_desenvolvimento, aee_tecnica_mobilidade, aee_libras, aee_caa, aee_curricular, aee_soroban, aee_informatica, aee_lingua_escrita, aee_autonomia, cod_curso_profissional, etapa_educacenso, ref_cod_disciplina_dispensada, parecer_1_etapa, parecer_2_etapa, parecer_3_etapa, parecer_4_etapa, nao_informar_educacenso, tipo_mediacao_didatico_pedagogico, tipo_boletim_diferenciado, dias_semana, atividades_complementares, atividades_aee) VALUES (764, null, 7129, 13, 8, null, 'NÍVEL I', '', 20, 0, '2017-12-19 14:07:18.744287', null, 1, 1, '06:30:00', '18:30:00', '14:00:00', '14:30:00', null, null, 1, 2, null, null, true, 47, 4, 2018, null, null, null, null, null, null, null, null, null, null, null, null, null, null, null, null, null, null, null, null, null, null, null, null, null, null, null, null, null, null, null, null);
INSERT INTO pmieducar.turma (cod_turma, ref_usuario_exc, ref_usuario_cad, ref_ref_cod_serie, ref_ref_cod_escola, ref_cod_infra_predio_comodo, nm_turma, sgl_turma, max_aluno, multiseriada, data_cadastro, data_exclusao, ativo, ref_cod_turma_tipo, hora_inicial, hora_final, hora_inicio_intervalo, hora_fim_intervalo, ref_cod_regente, ref_cod_instituicao_regente, ref_cod_instituicao, ref_cod_curso, ref_ref_cod_serie_mult, ref_ref_cod_escola_mult, visivel, tipo_boletim, turma_turno_id, ano, tipo_atendimento, turma_mais_educacao, atividade_complementar_1, atividade_complementar_2, atividade_complementar_3, atividade_complementar_4, atividade_complementar_5, atividade_complementar_6, aee_braille, aee_recurso_optico, aee_estrategia_desenvolvimento, aee_tecnica_mobilidade, aee_libras, aee_caa, aee_curricular, aee_soroban, aee_informatica, aee_lingua_escrita, aee_autonomia, cod_curso_profissional, etapa_educacenso, ref_cod_disciplina_dispensada, parecer_1_etapa, parecer_2_etapa, parecer_3_etapa, parecer_4_etapa, nao_informar_educacenso, tipo_mediacao_didatico_pedagogico, tipo_boletim_diferenciado, dias_semana, atividades_complementares, atividades_aee) VALUES (748, 4272, 4272, 13, 2, null, 'NÍVEL II e III', 'N II e III ', 22, 0, '2017-12-19 12:17:13.338121', '2017-12-19 14:52:42.910566', 1, 1, '07:00:00', '18:00:00', '09:00:00', '09:00:00', null, null, 1, 2, null, null, true, 47, 4, 2018, -1, 0, null, null, null, null, null, null, 0, 0, 0, 0, 0, 0, 0, 0, 0, 0, 0, null, null, null, null, null, null, null, 0, 1, null, '{6}', null, null);
INSERT INTO pmieducar.turma (cod_turma, ref_usuario_exc, ref_usuario_cad, ref_ref_cod_serie, ref_ref_cod_escola, ref_cod_infra_predio_comodo, nm_turma, sgl_turma, max_aluno, multiseriada, data_cadastro, data_exclusao, ativo, ref_cod_turma_tipo, hora_inicial, hora_final, hora_inicio_intervalo, hora_fim_intervalo, ref_cod_regente, ref_cod_instituicao_regente, ref_cod_instituicao, ref_cod_curso, ref_ref_cod_serie_mult, ref_ref_cod_escola_mult, visivel, tipo_boletim, turma_turno_id, ano, tipo_atendimento, turma_mais_educacao, atividade_complementar_1, atividade_complementar_2, atividade_complementar_3, atividade_complementar_4, atividade_complementar_5, atividade_complementar_6, aee_braille, aee_recurso_optico, aee_estrategia_desenvolvimento, aee_tecnica_mobilidade, aee_libras, aee_caa, aee_curricular, aee_soroban, aee_informatica, aee_lingua_escrita, aee_autonomia, cod_curso_profissional, etapa_educacenso, ref_cod_disciplina_dispensada, parecer_1_etapa, parecer_2_etapa, parecer_3_etapa, parecer_4_etapa, nao_informar_educacenso, tipo_mediacao_didatico_pedagogico, tipo_boletim_diferenciado, dias_semana, atividades_complementares, atividades_aee) VALUES (747, 4272, 4272, 13, 2, null, 'BERÇÁRIO ', 'B ', 20, 0, '2017-12-19 12:17:13.285007', '2017-12-19 16:34:53.123264', 1, 1, '07:00:00', '18:00:00', '09:00:00', '09:00:00', null, null, 1, 2, null, null, true, 47, 4, 2018, -1, 0, null, null, null, null, null, null, 0, 0, 0, 0, 0, 0, 0, 0, 0, 0, 0, null, null, 2, null, null, null, null, 0, 1, null, '{2,3,4,5,6}', null, null);
INSERT INTO pmieducar.turma (cod_turma, ref_usuario_exc, ref_usuario_cad, ref_ref_cod_serie, ref_ref_cod_escola, ref_cod_infra_predio_comodo, nm_turma, sgl_turma, max_aluno, multiseriada, data_cadastro, data_exclusao, ativo, ref_cod_turma_tipo, hora_inicial, hora_final, hora_inicio_intervalo, hora_fim_intervalo, ref_cod_regente, ref_cod_instituicao_regente, ref_cod_instituicao, ref_cod_curso, ref_ref_cod_serie_mult, ref_ref_cod_escola_mult, visivel, tipo_boletim, turma_turno_id, ano, tipo_atendimento, turma_mais_educacao, atividade_complementar_1, atividade_complementar_2, atividade_complementar_3, atividade_complementar_4, atividade_complementar_5, atividade_complementar_6, aee_braille, aee_recurso_optico, aee_estrategia_desenvolvimento, aee_tecnica_mobilidade, aee_libras, aee_caa, aee_curricular, aee_soroban, aee_informatica, aee_lingua_escrita, aee_autonomia, cod_curso_profissional, etapa_educacenso, ref_cod_disciplina_dispensada, parecer_1_etapa, parecer_2_etapa, parecer_3_etapa, parecer_4_etapa, nao_informar_educacenso, tipo_mediacao_didatico_pedagogico, tipo_boletim_diferenciado, dias_semana, atividades_complementares, atividades_aee) VALUES (744, 4272, 4272, 13, 2, null, 'NÍVEL I', 'NI', 20, 0, '2017-12-19 12:17:12.971470', '2017-12-19 16:45:19.329862', 1, 1, '07:00:00', '18:00:00', '09:00:00', '09:00:00', null, null, 1, 2, null, null, true, 47, 4, 2018, -1, 0, null, null, null, null, null, null, 0, 0, 0, 0, 0, 0, 0, 0, 0, 0, 0, null, null, null, null, null, null, null, 0, 1, null, '{2,3,4,5,6}', null, null);
INSERT INTO pmieducar.turma (cod_turma, ref_usuario_exc, ref_usuario_cad, ref_ref_cod_serie, ref_ref_cod_escola, ref_cod_infra_predio_comodo, nm_turma, sgl_turma, max_aluno, multiseriada, data_cadastro, data_exclusao, ativo, ref_cod_turma_tipo, hora_inicial, hora_final, hora_inicio_intervalo, hora_fim_intervalo, ref_cod_regente, ref_cod_instituicao_regente, ref_cod_instituicao, ref_cod_curso, ref_ref_cod_serie_mult, ref_ref_cod_escola_mult, visivel, tipo_boletim, turma_turno_id, ano, tipo_atendimento, turma_mais_educacao, atividade_complementar_1, atividade_complementar_2, atividade_complementar_3, atividade_complementar_4, atividade_complementar_5, atividade_complementar_6, aee_braille, aee_recurso_optico, aee_estrategia_desenvolvimento, aee_tecnica_mobilidade, aee_libras, aee_caa, aee_curricular, aee_soroban, aee_informatica, aee_lingua_escrita, aee_autonomia, cod_curso_profissional, etapa_educacenso, ref_cod_disciplina_dispensada, parecer_1_etapa, parecer_2_etapa, parecer_3_etapa, parecer_4_etapa, nao_informar_educacenso, tipo_mediacao_didatico_pedagogico, tipo_boletim_diferenciado, dias_semana, atividades_complementares, atividades_aee) VALUES (706, 17219, 4264, 15, 5, null, 'NIVEL IV E V', '', 20, 0, '2017-12-18 14:53:55.110857', '2018-07-05 13:56:59.665124', 1, 1, '07:30:00', '11:30:00', '09:00:00', '09:00:00', null, 1, 1, 2, null, null, true, 8, 1, 2018, -1, null, null, null, null, null, null, null, 0, 0, 0, 0, 0, 0, 0, 0, 0, 0, 0, null, null, null, null, null, null, null, 0, 1, null, null, null, null);
INSERT INTO pmieducar.turma (cod_turma, ref_usuario_exc, ref_usuario_cad, ref_ref_cod_serie, ref_ref_cod_escola, ref_cod_infra_predio_comodo, nm_turma, sgl_turma, max_aluno, multiseriada, data_cadastro, data_exclusao, ativo, ref_cod_turma_tipo, hora_inicial, hora_final, hora_inicio_intervalo, hora_fim_intervalo, ref_cod_regente, ref_cod_instituicao_regente, ref_cod_instituicao, ref_cod_curso, ref_ref_cod_serie_mult, ref_ref_cod_escola_mult, visivel, tipo_boletim, turma_turno_id, ano, tipo_atendimento, turma_mais_educacao, atividade_complementar_1, atividade_complementar_2, atividade_complementar_3, atividade_complementar_4, atividade_complementar_5, atividade_complementar_6, aee_braille, aee_recurso_optico, aee_estrategia_desenvolvimento, aee_tecnica_mobilidade, aee_libras, aee_caa, aee_curricular, aee_soroban, aee_informatica, aee_lingua_escrita, aee_autonomia, cod_curso_profissional, etapa_educacenso, ref_cod_disciplina_dispensada, parecer_1_etapa, parecer_2_etapa, parecer_3_etapa, parecer_4_etapa, nao_informar_educacenso, tipo_mediacao_didatico_pedagogico, tipo_boletim_diferenciado, dias_semana, atividades_complementares, atividades_aee) VALUES (691, 17219, 4270, 15, 6, null, 'NÍVEL IV ', '', 23, 0, '2017-12-15 17:33:20.445232', '2018-07-05 15:17:49.020957', 1, 1, '07:40:00', '11:40:00', '09:00:00', '09:20:00', null, 1, 1, 2, null, null, true, 47, 1, 2018, -1, null, null, null, null, null, null, null, 0, 0, 0, 0, 0, 0, 0, 0, 0, 0, 0, null, null, null, null, null, null, null, 0, 1, null, '{2,3,4,5,6}', null, null);
INSERT INTO pmieducar.turma (cod_turma, ref_usuario_exc, ref_usuario_cad, ref_ref_cod_serie, ref_ref_cod_escola, ref_cod_infra_predio_comodo, nm_turma, sgl_turma, max_aluno, multiseriada, data_cadastro, data_exclusao, ativo, ref_cod_turma_tipo, hora_inicial, hora_final, hora_inicio_intervalo, hora_fim_intervalo, ref_cod_regente, ref_cod_instituicao_regente, ref_cod_instituicao, ref_cod_curso, ref_ref_cod_serie_mult, ref_ref_cod_escola_mult, visivel, tipo_boletim, turma_turno_id, ano, tipo_atendimento, turma_mais_educacao, atividade_complementar_1, atividade_complementar_2, atividade_complementar_3, atividade_complementar_4, atividade_complementar_5, atividade_complementar_6, aee_braille, aee_recurso_optico, aee_estrategia_desenvolvimento, aee_tecnica_mobilidade, aee_libras, aee_caa, aee_curricular, aee_soroban, aee_informatica, aee_lingua_escrita, aee_autonomia, cod_curso_profissional, etapa_educacenso, ref_cod_disciplina_dispensada, parecer_1_etapa, parecer_2_etapa, parecer_3_etapa, parecer_4_etapa, nao_informar_educacenso, tipo_mediacao_didatico_pedagogico, tipo_boletim_diferenciado, dias_semana, atividades_complementares, atividades_aee) VALUES (689, 17219, 4270, 15, 6, null, 'NÍVEL V ', '', 27, 0, '2017-12-15 17:33:20.197528', '2018-07-05 15:20:02.461642', 1, 1, '07:40:00', '11:40:00', '09:00:00', '09:20:00', null, 1, 1, 2, null, null, true, 47, 1, 2018, null, null, null, null, null, null, null, null, null, null, null, null, null, null, null, null, null, null, null, null, null, null, null, null, null, null, 0, 1, null, null, null, null);
INSERT INTO pmieducar.turma (cod_turma, ref_usuario_exc, ref_usuario_cad, ref_ref_cod_serie, ref_ref_cod_escola, ref_cod_infra_predio_comodo, nm_turma, sgl_turma, max_aluno, multiseriada, data_cadastro, data_exclusao, ativo, ref_cod_turma_tipo, hora_inicial, hora_final, hora_inicio_intervalo, hora_fim_intervalo, ref_cod_regente, ref_cod_instituicao_regente, ref_cod_instituicao, ref_cod_curso, ref_ref_cod_serie_mult, ref_ref_cod_escola_mult, visivel, tipo_boletim, turma_turno_id, ano, tipo_atendimento, turma_mais_educacao, atividade_complementar_1, atividade_complementar_2, atividade_complementar_3, atividade_complementar_4, atividade_complementar_5, atividade_complementar_6, aee_braille, aee_recurso_optico, aee_estrategia_desenvolvimento, aee_tecnica_mobilidade, aee_libras, aee_caa, aee_curricular, aee_soroban, aee_informatica, aee_lingua_escrita, aee_autonomia, cod_curso_profissional, etapa_educacenso, ref_cod_disciplina_dispensada, parecer_1_etapa, parecer_2_etapa, parecer_3_etapa, parecer_4_etapa, nao_informar_educacenso, tipo_mediacao_didatico_pedagogico, tipo_boletim_diferenciado, dias_semana, atividades_complementares, atividades_aee) VALUES (738, 17219, 1, 15, 12, null, 'NÍVEL IV ', '', 25, 0, '2017-12-19 08:43:28.426854', '2018-07-06 14:06:19.086605', 1, 1, null, null, null, null, null, 1, 1, 2, null, null, true, 47, 4, 2018, -1, null, null, null, null, null, null, null, 0, 0, 0, 0, 0, 0, 0, 0, 0, 0, 0, null, null, null, null, null, null, null, 0, 1, null, null, null, null);
INSERT INTO pmieducar.turma (cod_turma, ref_usuario_exc, ref_usuario_cad, ref_ref_cod_serie, ref_ref_cod_escola, ref_cod_infra_predio_comodo, nm_turma, sgl_turma, max_aluno, multiseriada, data_cadastro, data_exclusao, ativo, ref_cod_turma_tipo, hora_inicial, hora_final, hora_inicio_intervalo, hora_fim_intervalo, ref_cod_regente, ref_cod_instituicao_regente, ref_cod_instituicao, ref_cod_curso, ref_ref_cod_serie_mult, ref_ref_cod_escola_mult, visivel, tipo_boletim, turma_turno_id, ano, tipo_atendimento, turma_mais_educacao, atividade_complementar_1, atividade_complementar_2, atividade_complementar_3, atividade_complementar_4, atividade_complementar_5, atividade_complementar_6, aee_braille, aee_recurso_optico, aee_estrategia_desenvolvimento, aee_tecnica_mobilidade, aee_libras, aee_caa, aee_curricular, aee_soroban, aee_informatica, aee_lingua_escrita, aee_autonomia, cod_curso_profissional, etapa_educacenso, ref_cod_disciplina_dispensada, parecer_1_etapa, parecer_2_etapa, parecer_3_etapa, parecer_4_etapa, nao_informar_educacenso, tipo_mediacao_didatico_pedagogico, tipo_boletim_diferenciado, dias_semana, atividades_complementares, atividades_aee) VALUES (709, 19178, 19423, 15, 7, null, 'NÍVEL III, IV e V - Vespertino', 'NÍVEL IV e V', 25, 0, '2017-12-18 17:31:40.307515', '2017-12-19 11:44:51.361661', 0, 1, '13:00:00', '17:00:00', null, null, null, null, 1, 2, null, null, true, 47, 2, 2018, null, null, null, null, null, null, null, null, null, null, null, null, null, null, null, null, null, null, null, null, null, null, null, null, null, null, null, null, null, null, null, null);
INSERT INTO pmieducar.turma (cod_turma, ref_usuario_exc, ref_usuario_cad, ref_ref_cod_serie, ref_ref_cod_escola, ref_cod_infra_predio_comodo, nm_turma, sgl_turma, max_aluno, multiseriada, data_cadastro, data_exclusao, ativo, ref_cod_turma_tipo, hora_inicial, hora_final, hora_inicio_intervalo, hora_fim_intervalo, ref_cod_regente, ref_cod_instituicao_regente, ref_cod_instituicao, ref_cod_curso, ref_ref_cod_serie_mult, ref_ref_cod_escola_mult, visivel, tipo_boletim, turma_turno_id, ano, tipo_atendimento, turma_mais_educacao, atividade_complementar_1, atividade_complementar_2, atividade_complementar_3, atividade_complementar_4, atividade_complementar_5, atividade_complementar_6, aee_braille, aee_recurso_optico, aee_estrategia_desenvolvimento, aee_tecnica_mobilidade, aee_libras, aee_caa, aee_curricular, aee_soroban, aee_informatica, aee_lingua_escrita, aee_autonomia, cod_curso_profissional, etapa_educacenso, ref_cod_disciplina_dispensada, parecer_1_etapa, parecer_2_etapa, parecer_3_etapa, parecer_4_etapa, nao_informar_educacenso, tipo_mediacao_didatico_pedagogico, tipo_boletim_diferenciado, dias_semana, atividades_complementares, atividades_aee) VALUES (737, 4259, 1, 15, 12, null, 'NÍVEL IV - Integral', '', 20, 0, '2017-12-19 08:43:28.404472', '2017-12-20 08:05:38.611369', 0, 1, null, null, null, null, null, null, 1, 2, null, null, true, 47, 4, 2018, null, null, null, null, null, null, null, null, null, null, null, null, null, null, null, null, null, null, null, null, null, null, null, null, null, null, null, null, null, null, null, null);
INSERT INTO pmieducar.turma (cod_turma, ref_usuario_exc, ref_usuario_cad, ref_ref_cod_serie, ref_ref_cod_escola, ref_cod_infra_predio_comodo, nm_turma, sgl_turma, max_aluno, multiseriada, data_cadastro, data_exclusao, ativo, ref_cod_turma_tipo, hora_inicial, hora_final, hora_inicio_intervalo, hora_fim_intervalo, ref_cod_regente, ref_cod_instituicao_regente, ref_cod_instituicao, ref_cod_curso, ref_ref_cod_serie_mult, ref_ref_cod_escola_mult, visivel, tipo_boletim, turma_turno_id, ano, tipo_atendimento, turma_mais_educacao, atividade_complementar_1, atividade_complementar_2, atividade_complementar_3, atividade_complementar_4, atividade_complementar_5, atividade_complementar_6, aee_braille, aee_recurso_optico, aee_estrategia_desenvolvimento, aee_tecnica_mobilidade, aee_libras, aee_caa, aee_curricular, aee_soroban, aee_informatica, aee_lingua_escrita, aee_autonomia, cod_curso_profissional, etapa_educacenso, ref_cod_disciplina_dispensada, parecer_1_etapa, parecer_2_etapa, parecer_3_etapa, parecer_4_etapa, nao_informar_educacenso, tipo_mediacao_didatico_pedagogico, tipo_boletim_diferenciado, dias_semana, atividades_complementares, atividades_aee) VALUES (707, 17219, 19423, 15, 7, null, 'NÍVEL IV ', 'Nível IV - Inte', 28, 0, '2017-12-18 17:31:40.147846', '2018-07-06 13:19:58.702743', 1, 1, '08:00:00', '12:00:00', '09:00:00', '09:00:00', null, 1, 1, 2, null, null, true, 47, 4, 2018, null, null, null, null, null, null, null, null, null, null, null, null, null, null, null, null, null, null, null, null, null, null, null, null, null, null, 0, 1, null, null, null, null);
INSERT INTO pmieducar.turma (cod_turma, ref_usuario_exc, ref_usuario_cad, ref_ref_cod_serie, ref_ref_cod_escola, ref_cod_infra_predio_comodo, nm_turma, sgl_turma, max_aluno, multiseriada, data_cadastro, data_exclusao, ativo, ref_cod_turma_tipo, hora_inicial, hora_final, hora_inicio_intervalo, hora_fim_intervalo, ref_cod_regente, ref_cod_instituicao_regente, ref_cod_instituicao, ref_cod_curso, ref_ref_cod_serie_mult, ref_ref_cod_escola_mult, visivel, tipo_boletim, turma_turno_id, ano, tipo_atendimento, turma_mais_educacao, atividade_complementar_1, atividade_complementar_2, atividade_complementar_3, atividade_complementar_4, atividade_complementar_5, atividade_complementar_6, aee_braille, aee_recurso_optico, aee_estrategia_desenvolvimento, aee_tecnica_mobilidade, aee_libras, aee_caa, aee_curricular, aee_soroban, aee_informatica, aee_lingua_escrita, aee_autonomia, cod_curso_profissional, etapa_educacenso, ref_cod_disciplina_dispensada, parecer_1_etapa, parecer_2_etapa, parecer_3_etapa, parecer_4_etapa, nao_informar_educacenso, tipo_mediacao_didatico_pedagogico, tipo_boletim_diferenciado, dias_semana, atividades_complementares, atividades_aee) VALUES (708, 17219, 19423, 15, 7, null, 'NÍVEL V ', 'Nível V - Integ', 28, 0, '2017-12-18 17:31:40.247360', '2018-07-06 13:21:10.378779', 1, 1, '08:00:00', '12:00:00', '09:00:00', '09:00:00', null, 1, 1, 2, null, null, true, 47, 4, 2018, null, null, null, null, null, null, null, null, null, null, null, null, null, null, null, null, null, null, null, null, null, null, null, null, null, null, 0, 1, null, null, null, null);
INSERT INTO pmieducar.turma (cod_turma, ref_usuario_exc, ref_usuario_cad, ref_ref_cod_serie, ref_ref_cod_escola, ref_cod_infra_predio_comodo, nm_turma, sgl_turma, max_aluno, multiseriada, data_cadastro, data_exclusao, ativo, ref_cod_turma_tipo, hora_inicial, hora_final, hora_inicio_intervalo, hora_fim_intervalo, ref_cod_regente, ref_cod_instituicao_regente, ref_cod_instituicao, ref_cod_curso, ref_ref_cod_serie_mult, ref_ref_cod_escola_mult, visivel, tipo_boletim, turma_turno_id, ano, tipo_atendimento, turma_mais_educacao, atividade_complementar_1, atividade_complementar_2, atividade_complementar_3, atividade_complementar_4, atividade_complementar_5, atividade_complementar_6, aee_braille, aee_recurso_optico, aee_estrategia_desenvolvimento, aee_tecnica_mobilidade, aee_libras, aee_caa, aee_curricular, aee_soroban, aee_informatica, aee_lingua_escrita, aee_autonomia, cod_curso_profissional, etapa_educacenso, ref_cod_disciplina_dispensada, parecer_1_etapa, parecer_2_etapa, parecer_3_etapa, parecer_4_etapa, nao_informar_educacenso, tipo_mediacao_didatico_pedagogico, tipo_boletim_diferenciado, dias_semana, atividades_complementares, atividades_aee) VALUES (715, 17219, 4269, 15, 3, null, 'NÍVEL IV', '', 20, 0, '2017-12-18 18:01:46.490050', '2018-07-05 16:11:50.638134', 1, 1, '07:40:00', '11:40:00', '09:00:00', '09:15:00', null, 1, 1, 2, null, null, true, 47, 1, 2018, null, null, null, null, null, null, null, null, null, null, null, null, null, null, null, null, null, null, null, null, null, null, null, null, null, null, 0, 1, null, null, null, null);
INSERT INTO pmieducar.turma (cod_turma, ref_usuario_exc, ref_usuario_cad, ref_ref_cod_serie, ref_ref_cod_escola, ref_cod_infra_predio_comodo, nm_turma, sgl_turma, max_aluno, multiseriada, data_cadastro, data_exclusao, ativo, ref_cod_turma_tipo, hora_inicial, hora_final, hora_inicio_intervalo, hora_fim_intervalo, ref_cod_regente, ref_cod_instituicao_regente, ref_cod_instituicao, ref_cod_curso, ref_ref_cod_serie_mult, ref_ref_cod_escola_mult, visivel, tipo_boletim, turma_turno_id, ano, tipo_atendimento, turma_mais_educacao, atividade_complementar_1, atividade_complementar_2, atividade_complementar_3, atividade_complementar_4, atividade_complementar_5, atividade_complementar_6, aee_braille, aee_recurso_optico, aee_estrategia_desenvolvimento, aee_tecnica_mobilidade, aee_libras, aee_caa, aee_curricular, aee_soroban, aee_informatica, aee_lingua_escrita, aee_autonomia, cod_curso_profissional, etapa_educacenso, ref_cod_disciplina_dispensada, parecer_1_etapa, parecer_2_etapa, parecer_3_etapa, parecer_4_etapa, nao_informar_educacenso, tipo_mediacao_didatico_pedagogico, tipo_boletim_diferenciado, dias_semana, atividades_complementares, atividades_aee) VALUES (739, 17219, 1, 15, 12, null, 'NÍVEL V ', '', 25, 0, '2017-12-19 08:43:28.440439', '2018-07-06 14:06:35.455671', 1, 1, null, null, null, null, null, 1, 1, 2, null, null, true, 47, 4, 2018, null, null, null, null, null, null, null, null, null, null, null, null, null, null, null, null, null, null, null, null, null, null, null, null, null, null, 0, 1, null, null, null, null);
INSERT INTO pmieducar.turma (cod_turma, ref_usuario_exc, ref_usuario_cad, ref_ref_cod_serie, ref_ref_cod_escola, ref_cod_infra_predio_comodo, nm_turma, sgl_turma, max_aluno, multiseriada, data_cadastro, data_exclusao, ativo, ref_cod_turma_tipo, hora_inicial, hora_final, hora_inicio_intervalo, hora_fim_intervalo, ref_cod_regente, ref_cod_instituicao_regente, ref_cod_instituicao, ref_cod_curso, ref_ref_cod_serie_mult, ref_ref_cod_escola_mult, visivel, tipo_boletim, turma_turno_id, ano, tipo_atendimento, turma_mais_educacao, atividade_complementar_1, atividade_complementar_2, atividade_complementar_3, atividade_complementar_4, atividade_complementar_5, atividade_complementar_6, aee_braille, aee_recurso_optico, aee_estrategia_desenvolvimento, aee_tecnica_mobilidade, aee_libras, aee_caa, aee_curricular, aee_soroban, aee_informatica, aee_lingua_escrita, aee_autonomia, cod_curso_profissional, etapa_educacenso, ref_cod_disciplina_dispensada, parecer_1_etapa, parecer_2_etapa, parecer_3_etapa, parecer_4_etapa, nao_informar_educacenso, tipo_mediacao_didatico_pedagogico, tipo_boletim_diferenciado, dias_semana, atividades_complementares, atividades_aee) VALUES (788, 17219, 19166, 13, 11, null, 'NÍVEL II B', 'NII-B', 20, 0, '2017-12-20 08:57:26.111873', '2018-07-09 07:37:09.339210', 1, 1, '07:00:00', '18:00:00', '11:30:00', '13:00:00', null, 1, 1, 2, null, null, true, 7, 4, 2018, -1, null, null, null, null, null, null, null, 0, 0, 0, 0, 0, 0, 0, 0, 0, 0, 0, null, null, null, null, null, null, null, 0, 1, null, null, null, null);
INSERT INTO pmieducar.turma (cod_turma, ref_usuario_exc, ref_usuario_cad, ref_ref_cod_serie, ref_ref_cod_escola, ref_cod_infra_predio_comodo, nm_turma, sgl_turma, max_aluno, multiseriada, data_cadastro, data_exclusao, ativo, ref_cod_turma_tipo, hora_inicial, hora_final, hora_inicio_intervalo, hora_fim_intervalo, ref_cod_regente, ref_cod_instituicao_regente, ref_cod_instituicao, ref_cod_curso, ref_ref_cod_serie_mult, ref_ref_cod_escola_mult, visivel, tipo_boletim, turma_turno_id, ano, tipo_atendimento, turma_mais_educacao, atividade_complementar_1, atividade_complementar_2, atividade_complementar_3, atividade_complementar_4, atividade_complementar_5, atividade_complementar_6, aee_braille, aee_recurso_optico, aee_estrategia_desenvolvimento, aee_tecnica_mobilidade, aee_libras, aee_caa, aee_curricular, aee_soroban, aee_informatica, aee_lingua_escrita, aee_autonomia, cod_curso_profissional, etapa_educacenso, ref_cod_disciplina_dispensada, parecer_1_etapa, parecer_2_etapa, parecer_3_etapa, parecer_4_etapa, nao_informar_educacenso, tipo_mediacao_didatico_pedagogico, tipo_boletim_diferenciado, dias_semana, atividades_complementares, atividades_aee) VALUES (716, 17219, 4259, 15, 3, null, 'NIVEL V MATUTINO', '', 25, 0, '2017-12-18 18:14:11.191155', '2018-07-05 16:01:48.585057', 0, 1, '07:30:00', '11:30:00', '13:00:00', '17:00:00', null, null, 1, 2, null, null, true, 8, 1, 2018, -1, null, null, null, null, null, null, null, 0, 0, 0, 0, 0, 0, 0, 0, 0, 0, 0, null, null, null, null, null, null, null, 0, 1, null, null, null, null);
INSERT INTO pmieducar.turma (cod_turma, ref_usuario_exc, ref_usuario_cad, ref_ref_cod_serie, ref_ref_cod_escola, ref_cod_infra_predio_comodo, nm_turma, sgl_turma, max_aluno, multiseriada, data_cadastro, data_exclusao, ativo, ref_cod_turma_tipo, hora_inicial, hora_final, hora_inicio_intervalo, hora_fim_intervalo, ref_cod_regente, ref_cod_instituicao_regente, ref_cod_instituicao, ref_cod_curso, ref_ref_cod_serie_mult, ref_ref_cod_escola_mult, visivel, tipo_boletim, turma_turno_id, ano, tipo_atendimento, turma_mais_educacao, atividade_complementar_1, atividade_complementar_2, atividade_complementar_3, atividade_complementar_4, atividade_complementar_5, atividade_complementar_6, aee_braille, aee_recurso_optico, aee_estrategia_desenvolvimento, aee_tecnica_mobilidade, aee_libras, aee_caa, aee_curricular, aee_soroban, aee_informatica, aee_lingua_escrita, aee_autonomia, cod_curso_profissional, etapa_educacenso, ref_cod_disciplina_dispensada, parecer_1_etapa, parecer_2_etapa, parecer_3_etapa, parecer_4_etapa, nao_informar_educacenso, tipo_mediacao_didatico_pedagogico, tipo_boletim_diferenciado, dias_semana, atividades_complementares, atividades_aee) VALUES (789, 1, 4269, 1, 13951, null, '1º Ano 103', '', 25, 0, '2017-12-20 11:28:25.291889', '2018-04-30 17:07:22.321055', 1, 1, '08:00:00', '12:00:00', '09:00:00', '10:00:00', null, null, 1, 1180, null, null, true, 36, 2, 2018, -1, 0, null, null, null, null, null, null, 0, 0, 0, 0, 0, 0, 0, 0, 0, 0, 0, null, null, null, null, null, null, null, 0, 1, null, null, null, null);
INSERT INTO pmieducar.turma (cod_turma, ref_usuario_exc, ref_usuario_cad, ref_ref_cod_serie, ref_ref_cod_escola, ref_cod_infra_predio_comodo, nm_turma, sgl_turma, max_aluno, multiseriada, data_cadastro, data_exclusao, ativo, ref_cod_turma_tipo, hora_inicial, hora_final, hora_inicio_intervalo, hora_fim_intervalo, ref_cod_regente, ref_cod_instituicao_regente, ref_cod_instituicao, ref_cod_curso, ref_ref_cod_serie_mult, ref_ref_cod_escola_mult, visivel, tipo_boletim, turma_turno_id, ano, tipo_atendimento, turma_mais_educacao, atividade_complementar_1, atividade_complementar_2, atividade_complementar_3, atividade_complementar_4, atividade_complementar_5, atividade_complementar_6, aee_braille, aee_recurso_optico, aee_estrategia_desenvolvimento, aee_tecnica_mobilidade, aee_libras, aee_caa, aee_curricular, aee_soroban, aee_informatica, aee_lingua_escrita, aee_autonomia, cod_curso_profissional, etapa_educacenso, ref_cod_disciplina_dispensada, parecer_1_etapa, parecer_2_etapa, parecer_3_etapa, parecer_4_etapa, nao_informar_educacenso, tipo_mediacao_didatico_pedagogico, tipo_boletim_diferenciado, dias_semana, atividades_complementares, atividades_aee) VALUES (717, null, 4259, 12, 13951, null, 'Correção Distorção Idade/Série', 'CDIS', 25, 0, '2017-12-18 22:02:17.935801', null, 1, 1, '13:00:00', '17:00:00', '15:10:00', '15:25:00', null, null, 1, 1181, null, null, true, 1, 2, 2018, null, null, null, null, null, null, null, null, null, null, null, null, null, null, null, null, null, null, null, null, null, null, null, null, null, null, null, null, null, null, null, null);
INSERT INTO pmieducar.turma (cod_turma, ref_usuario_exc, ref_usuario_cad, ref_ref_cod_serie, ref_ref_cod_escola, ref_cod_infra_predio_comodo, nm_turma, sgl_turma, max_aluno, multiseriada, data_cadastro, data_exclusao, ativo, ref_cod_turma_tipo, hora_inicial, hora_final, hora_inicio_intervalo, hora_fim_intervalo, ref_cod_regente, ref_cod_instituicao_regente, ref_cod_instituicao, ref_cod_curso, ref_ref_cod_serie_mult, ref_ref_cod_escola_mult, visivel, tipo_boletim, turma_turno_id, ano, tipo_atendimento, turma_mais_educacao, atividade_complementar_1, atividade_complementar_2, atividade_complementar_3, atividade_complementar_4, atividade_complementar_5, atividade_complementar_6, aee_braille, aee_recurso_optico, aee_estrategia_desenvolvimento, aee_tecnica_mobilidade, aee_libras, aee_caa, aee_curricular, aee_soroban, aee_informatica, aee_lingua_escrita, aee_autonomia, cod_curso_profissional, etapa_educacenso, ref_cod_disciplina_dispensada, parecer_1_etapa, parecer_2_etapa, parecer_3_etapa, parecer_4_etapa, nao_informar_educacenso, tipo_mediacao_didatico_pedagogico, tipo_boletim_diferenciado, dias_semana, atividades_complementares, atividades_aee) VALUES (718, null, 4259, 6, 13951, null, '6º Ano 602', '602', 35, 0, '2017-12-18 22:02:17.975608', null, 1, 1, '12:55:00', '16:55:00', '15:10:00', '15:25:00', null, null, 1, 1181, null, null, true, 1, 2, 2018, null, null, null, null, null, null, null, null, null, null, null, null, null, null, null, null, null, null, null, null, null, null, null, null, null, null, null, null, null, null, null, null);
INSERT INTO pmieducar.turma (cod_turma, ref_usuario_exc, ref_usuario_cad, ref_ref_cod_serie, ref_ref_cod_escola, ref_cod_infra_predio_comodo, nm_turma, sgl_turma, max_aluno, multiseriada, data_cadastro, data_exclusao, ativo, ref_cod_turma_tipo, hora_inicial, hora_final, hora_inicio_intervalo, hora_fim_intervalo, ref_cod_regente, ref_cod_instituicao_regente, ref_cod_instituicao, ref_cod_curso, ref_ref_cod_serie_mult, ref_ref_cod_escola_mult, visivel, tipo_boletim, turma_turno_id, ano, tipo_atendimento, turma_mais_educacao, atividade_complementar_1, atividade_complementar_2, atividade_complementar_3, atividade_complementar_4, atividade_complementar_5, atividade_complementar_6, aee_braille, aee_recurso_optico, aee_estrategia_desenvolvimento, aee_tecnica_mobilidade, aee_libras, aee_caa, aee_curricular, aee_soroban, aee_informatica, aee_lingua_escrita, aee_autonomia, cod_curso_profissional, etapa_educacenso, ref_cod_disciplina_dispensada, parecer_1_etapa, parecer_2_etapa, parecer_3_etapa, parecer_4_etapa, nao_informar_educacenso, tipo_mediacao_didatico_pedagogico, tipo_boletim_diferenciado, dias_semana, atividades_complementares, atividades_aee) VALUES (719, null, 4259, 6, 13951, null, '6º Ano 601', '6ºAno 601', 35, 0, '2017-12-18 22:02:17.984192', null, 1, 1, '07:40:00', '11:40:00', '09:55:00', '10:10:00', null, null, 1, 1181, null, null, true, 1, 1, 2018, null, null, null, null, null, null, null, null, null, null, null, null, null, null, null, null, null, null, null, null, null, null, null, null, null, null, null, null, null, null, null, null);
INSERT INTO pmieducar.turma (cod_turma, ref_usuario_exc, ref_usuario_cad, ref_ref_cod_serie, ref_ref_cod_escola, ref_cod_infra_predio_comodo, nm_turma, sgl_turma, max_aluno, multiseriada, data_cadastro, data_exclusao, ativo, ref_cod_turma_tipo, hora_inicial, hora_final, hora_inicio_intervalo, hora_fim_intervalo, ref_cod_regente, ref_cod_instituicao_regente, ref_cod_instituicao, ref_cod_curso, ref_ref_cod_serie_mult, ref_ref_cod_escola_mult, visivel, tipo_boletim, turma_turno_id, ano, tipo_atendimento, turma_mais_educacao, atividade_complementar_1, atividade_complementar_2, atividade_complementar_3, atividade_complementar_4, atividade_complementar_5, atividade_complementar_6, aee_braille, aee_recurso_optico, aee_estrategia_desenvolvimento, aee_tecnica_mobilidade, aee_libras, aee_caa, aee_curricular, aee_soroban, aee_informatica, aee_lingua_escrita, aee_autonomia, cod_curso_profissional, etapa_educacenso, ref_cod_disciplina_dispensada, parecer_1_etapa, parecer_2_etapa, parecer_3_etapa, parecer_4_etapa, nao_informar_educacenso, tipo_mediacao_didatico_pedagogico, tipo_boletim_diferenciado, dias_semana, atividades_complementares, atividades_aee) VALUES (721, null, 1, 4, 13951, null, '4º Ano 402', '4º Ano 402', 40, 0, '2017-12-18 22:02:18.027778', null, 1, 1, '12:55:00', '17:55:00', '14:25:00', '14:45:00', null, null, 1, 1180, null, null, true, 1, 2, 2018, null, null, null, null, null, null, null, null, null, null, null, null, null, null, null, null, null, null, null, null, null, null, null, null, null, null, null, null, null, null, null, null);
INSERT INTO pmieducar.turma (cod_turma, ref_usuario_exc, ref_usuario_cad, ref_ref_cod_serie, ref_ref_cod_escola, ref_cod_infra_predio_comodo, nm_turma, sgl_turma, max_aluno, multiseriada, data_cadastro, data_exclusao, ativo, ref_cod_turma_tipo, hora_inicial, hora_final, hora_inicio_intervalo, hora_fim_intervalo, ref_cod_regente, ref_cod_instituicao_regente, ref_cod_instituicao, ref_cod_curso, ref_ref_cod_serie_mult, ref_ref_cod_escola_mult, visivel, tipo_boletim, turma_turno_id, ano, tipo_atendimento, turma_mais_educacao, atividade_complementar_1, atividade_complementar_2, atividade_complementar_3, atividade_complementar_4, atividade_complementar_5, atividade_complementar_6, aee_braille, aee_recurso_optico, aee_estrategia_desenvolvimento, aee_tecnica_mobilidade, aee_libras, aee_caa, aee_curricular, aee_soroban, aee_informatica, aee_lingua_escrita, aee_autonomia, cod_curso_profissional, etapa_educacenso, ref_cod_disciplina_dispensada, parecer_1_etapa, parecer_2_etapa, parecer_3_etapa, parecer_4_etapa, nao_informar_educacenso, tipo_mediacao_didatico_pedagogico, tipo_boletim_diferenciado, dias_semana, atividades_complementares, atividades_aee) VALUES (722, null, 1, 10, 13951, null, '7ª Ano 701', '7ª Ano 701', 35, 0, '2017-12-18 22:02:18.070955', null, 1, 1, '07:40:00', '11:40:00', '09:55:00', '10:10:00', null, null, 1, 1181, null, null, true, 1, 1, 2018, null, null, null, null, null, null, null, null, null, null, null, null, null, null, null, null, null, null, null, null, null, null, null, null, null, null, null, null, null, null, null, null);
INSERT INTO pmieducar.turma (cod_turma, ref_usuario_exc, ref_usuario_cad, ref_ref_cod_serie, ref_ref_cod_escola, ref_cod_infra_predio_comodo, nm_turma, sgl_turma, max_aluno, multiseriada, data_cadastro, data_exclusao, ativo, ref_cod_turma_tipo, hora_inicial, hora_final, hora_inicio_intervalo, hora_fim_intervalo, ref_cod_regente, ref_cod_instituicao_regente, ref_cod_instituicao, ref_cod_curso, ref_ref_cod_serie_mult, ref_ref_cod_escola_mult, visivel, tipo_boletim, turma_turno_id, ano, tipo_atendimento, turma_mais_educacao, atividade_complementar_1, atividade_complementar_2, atividade_complementar_3, atividade_complementar_4, atividade_complementar_5, atividade_complementar_6, aee_braille, aee_recurso_optico, aee_estrategia_desenvolvimento, aee_tecnica_mobilidade, aee_libras, aee_caa, aee_curricular, aee_soroban, aee_informatica, aee_lingua_escrita, aee_autonomia, cod_curso_profissional, etapa_educacenso, ref_cod_disciplina_dispensada, parecer_1_etapa, parecer_2_etapa, parecer_3_etapa, parecer_4_etapa, nao_informar_educacenso, tipo_mediacao_didatico_pedagogico, tipo_boletim_diferenciado, dias_semana, atividades_complementares, atividades_aee) VALUES (725, null, 1, 3, 13951, null, '3º Ano 302', '3º Ano 302', 35, 0, '2017-12-18 22:02:18.162450', null, 1, 1, '12:55:00', '16:55:00', '14:25:00', '14:40:00', null, null, 1, 1180, null, null, true, 1, 2, 2018, null, null, null, null, null, null, null, null, null, null, null, null, null, null, null, null, null, null, null, null, null, null, null, null, null, null, null, null, null, null, null, null);
INSERT INTO pmieducar.turma (cod_turma, ref_usuario_exc, ref_usuario_cad, ref_ref_cod_serie, ref_ref_cod_escola, ref_cod_infra_predio_comodo, nm_turma, sgl_turma, max_aluno, multiseriada, data_cadastro, data_exclusao, ativo, ref_cod_turma_tipo, hora_inicial, hora_final, hora_inicio_intervalo, hora_fim_intervalo, ref_cod_regente, ref_cod_instituicao_regente, ref_cod_instituicao, ref_cod_curso, ref_ref_cod_serie_mult, ref_ref_cod_escola_mult, visivel, tipo_boletim, turma_turno_id, ano, tipo_atendimento, turma_mais_educacao, atividade_complementar_1, atividade_complementar_2, atividade_complementar_3, atividade_complementar_4, atividade_complementar_5, atividade_complementar_6, aee_braille, aee_recurso_optico, aee_estrategia_desenvolvimento, aee_tecnica_mobilidade, aee_libras, aee_caa, aee_curricular, aee_soroban, aee_informatica, aee_lingua_escrita, aee_autonomia, cod_curso_profissional, etapa_educacenso, ref_cod_disciplina_dispensada, parecer_1_etapa, parecer_2_etapa, parecer_3_etapa, parecer_4_etapa, nao_informar_educacenso, tipo_mediacao_didatico_pedagogico, tipo_boletim_diferenciado, dias_semana, atividades_complementares, atividades_aee) VALUES (727, null, 4259, 11, 13951, null, '801 Ano', '801 Ano', 40, 0, '2017-12-18 22:02:18.225415', null, 1, 1, '07:40:00', '11:40:00', '09:55:00', '10:10:00', null, null, 1, 1181, null, null, true, 1, 1, 2018, null, null, null, null, null, null, null, null, null, null, null, null, null, null, null, null, null, null, null, null, null, null, null, null, null, null, null, null, null, null, null, null);
INSERT INTO pmieducar.turma (cod_turma, ref_usuario_exc, ref_usuario_cad, ref_ref_cod_serie, ref_ref_cod_escola, ref_cod_infra_predio_comodo, nm_turma, sgl_turma, max_aluno, multiseriada, data_cadastro, data_exclusao, ativo, ref_cod_turma_tipo, hora_inicial, hora_final, hora_inicio_intervalo, hora_fim_intervalo, ref_cod_regente, ref_cod_instituicao_regente, ref_cod_instituicao, ref_cod_curso, ref_ref_cod_serie_mult, ref_ref_cod_escola_mult, visivel, tipo_boletim, turma_turno_id, ano, tipo_atendimento, turma_mais_educacao, atividade_complementar_1, atividade_complementar_2, atividade_complementar_3, atividade_complementar_4, atividade_complementar_5, atividade_complementar_6, aee_braille, aee_recurso_optico, aee_estrategia_desenvolvimento, aee_tecnica_mobilidade, aee_libras, aee_caa, aee_curricular, aee_soroban, aee_informatica, aee_lingua_escrita, aee_autonomia, cod_curso_profissional, etapa_educacenso, ref_cod_disciplina_dispensada, parecer_1_etapa, parecer_2_etapa, parecer_3_etapa, parecer_4_etapa, nao_informar_educacenso, tipo_mediacao_didatico_pedagogico, tipo_boletim_diferenciado, dias_semana, atividades_complementares, atividades_aee) VALUES (728, null, 4259, 12, 13951, 13, '9º Ano 901', '9º Ano', 35, 0, '2017-12-18 22:02:18.254990', null, 1, 1, '07:40:00', '11:40:00', '09:55:00', '10:10:00', null, null, 1, 1181, null, null, true, 1, 1, 2018, null, null, null, null, null, null, null, null, null, null, null, null, null, null, null, null, null, null, null, null, null, null, null, null, null, null, null, null, null, null, null, null);
INSERT INTO pmieducar.turma (cod_turma, ref_usuario_exc, ref_usuario_cad, ref_ref_cod_serie, ref_ref_cod_escola, ref_cod_infra_predio_comodo, nm_turma, sgl_turma, max_aluno, multiseriada, data_cadastro, data_exclusao, ativo, ref_cod_turma_tipo, hora_inicial, hora_final, hora_inicio_intervalo, hora_fim_intervalo, ref_cod_regente, ref_cod_instituicao_regente, ref_cod_instituicao, ref_cod_curso, ref_ref_cod_serie_mult, ref_ref_cod_escola_mult, visivel, tipo_boletim, turma_turno_id, ano, tipo_atendimento, turma_mais_educacao, atividade_complementar_1, atividade_complementar_2, atividade_complementar_3, atividade_complementar_4, atividade_complementar_5, atividade_complementar_6, aee_braille, aee_recurso_optico, aee_estrategia_desenvolvimento, aee_tecnica_mobilidade, aee_libras, aee_caa, aee_curricular, aee_soroban, aee_informatica, aee_lingua_escrita, aee_autonomia, cod_curso_profissional, etapa_educacenso, ref_cod_disciplina_dispensada, parecer_1_etapa, parecer_2_etapa, parecer_3_etapa, parecer_4_etapa, nao_informar_educacenso, tipo_mediacao_didatico_pedagogico, tipo_boletim_diferenciado, dias_semana, atividades_complementares, atividades_aee) VALUES (732, null, 1, 1, 13951, null, '1º Ano 102', '1º Ano 102', 28, 0, '2017-12-18 22:02:18.309899', null, 1, 1, '12:55:00', '16:55:00', '14:25:00', '14:40:00', null, null, 1, 1180, null, null, true, 36, 2, 2018, null, null, null, null, null, null, null, null, null, null, null, null, null, null, null, null, null, null, null, null, null, null, null, null, null, null, null, null, null, null, null, null);
INSERT INTO pmieducar.turma (cod_turma, ref_usuario_exc, ref_usuario_cad, ref_ref_cod_serie, ref_ref_cod_escola, ref_cod_infra_predio_comodo, nm_turma, sgl_turma, max_aluno, multiseriada, data_cadastro, data_exclusao, ativo, ref_cod_turma_tipo, hora_inicial, hora_final, hora_inicio_intervalo, hora_fim_intervalo, ref_cod_regente, ref_cod_instituicao_regente, ref_cod_instituicao, ref_cod_curso, ref_ref_cod_serie_mult, ref_ref_cod_escola_mult, visivel, tipo_boletim, turma_turno_id, ano, tipo_atendimento, turma_mais_educacao, atividade_complementar_1, atividade_complementar_2, atividade_complementar_3, atividade_complementar_4, atividade_complementar_5, atividade_complementar_6, aee_braille, aee_recurso_optico, aee_estrategia_desenvolvimento, aee_tecnica_mobilidade, aee_libras, aee_caa, aee_curricular, aee_soroban, aee_informatica, aee_lingua_escrita, aee_autonomia, cod_curso_profissional, etapa_educacenso, ref_cod_disciplina_dispensada, parecer_1_etapa, parecer_2_etapa, parecer_3_etapa, parecer_4_etapa, nao_informar_educacenso, tipo_mediacao_didatico_pedagogico, tipo_boletim_diferenciado, dias_semana, atividades_complementares, atividades_aee) VALUES (734, null, 4259, 10, 13951, null, '7º Ano 703', '', 35, 0, '2017-12-18 22:02:18.360865', null, 1, 1, '12:55:00', '16:55:00', '14:45:00', '15:00:00', null, null, 1, 1181, null, null, true, 1, 2, 2018, null, null, null, null, null, null, null, null, null, null, null, null, null, null, null, null, null, null, null, null, null, null, null, null, null, null, null, null, null, null, null, null);
INSERT INTO pmieducar.turma (cod_turma, ref_usuario_exc, ref_usuario_cad, ref_ref_cod_serie, ref_ref_cod_escola, ref_cod_infra_predio_comodo, nm_turma, sgl_turma, max_aluno, multiseriada, data_cadastro, data_exclusao, ativo, ref_cod_turma_tipo, hora_inicial, hora_final, hora_inicio_intervalo, hora_fim_intervalo, ref_cod_regente, ref_cod_instituicao_regente, ref_cod_instituicao, ref_cod_curso, ref_ref_cod_serie_mult, ref_ref_cod_escola_mult, visivel, tipo_boletim, turma_turno_id, ano, tipo_atendimento, turma_mais_educacao, atividade_complementar_1, atividade_complementar_2, atividade_complementar_3, atividade_complementar_4, atividade_complementar_5, atividade_complementar_6, aee_braille, aee_recurso_optico, aee_estrategia_desenvolvimento, aee_tecnica_mobilidade, aee_libras, aee_caa, aee_curricular, aee_soroban, aee_informatica, aee_lingua_escrita, aee_autonomia, cod_curso_profissional, etapa_educacenso, ref_cod_disciplina_dispensada, parecer_1_etapa, parecer_2_etapa, parecer_3_etapa, parecer_4_etapa, nao_informar_educacenso, tipo_mediacao_didatico_pedagogico, tipo_boletim_diferenciado, dias_semana, atividades_complementares, atividades_aee) VALUES (735, null, 4259, 12, 13951, 13, '9º Ano 902', '', 35, 0, '2017-12-18 22:02:18.398504', null, 1, 1, '12:55:00', '16:55:00', '15:05:00', '15:25:00', null, null, 1, 1181, null, null, true, 1, 2, 2018, null, null, null, null, null, null, null, null, null, null, null, null, null, null, null, null, null, null, null, null, null, null, null, null, null, null, null, null, null, null, null, null);
INSERT INTO pmieducar.turma (cod_turma, ref_usuario_exc, ref_usuario_cad, ref_ref_cod_serie, ref_ref_cod_escola, ref_cod_infra_predio_comodo, nm_turma, sgl_turma, max_aluno, multiseriada, data_cadastro, data_exclusao, ativo, ref_cod_turma_tipo, hora_inicial, hora_final, hora_inicio_intervalo, hora_fim_intervalo, ref_cod_regente, ref_cod_instituicao_regente, ref_cod_instituicao, ref_cod_curso, ref_ref_cod_serie_mult, ref_ref_cod_escola_mult, visivel, tipo_boletim, turma_turno_id, ano, tipo_atendimento, turma_mais_educacao, atividade_complementar_1, atividade_complementar_2, atividade_complementar_3, atividade_complementar_4, atividade_complementar_5, atividade_complementar_6, aee_braille, aee_recurso_optico, aee_estrategia_desenvolvimento, aee_tecnica_mobilidade, aee_libras, aee_caa, aee_curricular, aee_soroban, aee_informatica, aee_lingua_escrita, aee_autonomia, cod_curso_profissional, etapa_educacenso, ref_cod_disciplina_dispensada, parecer_1_etapa, parecer_2_etapa, parecer_3_etapa, parecer_4_etapa, nao_informar_educacenso, tipo_mediacao_didatico_pedagogico, tipo_boletim_diferenciado, dias_semana, atividades_complementares, atividades_aee) VALUES (736, 4259, 4259, 11, 13951, null, '802 Ano', '8º Ano 802', 40, 0, '2017-12-18 22:02:18.432916', '2018-02-07 15:45:24.127171', 1, 1, '07:30:00', '11:30:00', '09:55:00', '10:05:00', null, null, 1, 1181, null, null, true, 1, 1, 2018, -1, 0, null, null, null, null, null, null, 0, 0, 0, 0, 0, 0, 0, 0, 0, 0, 0, null, null, null, null, null, null, null, 0, 1, null, null, null, null);
INSERT INTO pmieducar.turma (cod_turma, ref_usuario_exc, ref_usuario_cad, ref_ref_cod_serie, ref_ref_cod_escola, ref_cod_infra_predio_comodo, nm_turma, sgl_turma, max_aluno, multiseriada, data_cadastro, data_exclusao, ativo, ref_cod_turma_tipo, hora_inicial, hora_final, hora_inicio_intervalo, hora_fim_intervalo, ref_cod_regente, ref_cod_instituicao_regente, ref_cod_instituicao, ref_cod_curso, ref_ref_cod_serie_mult, ref_ref_cod_escola_mult, visivel, tipo_boletim, turma_turno_id, ano, tipo_atendimento, turma_mais_educacao, atividade_complementar_1, atividade_complementar_2, atividade_complementar_3, atividade_complementar_4, atividade_complementar_5, atividade_complementar_6, aee_braille, aee_recurso_optico, aee_estrategia_desenvolvimento, aee_tecnica_mobilidade, aee_libras, aee_caa, aee_curricular, aee_soroban, aee_informatica, aee_lingua_escrita, aee_autonomia, cod_curso_profissional, etapa_educacenso, ref_cod_disciplina_dispensada, parecer_1_etapa, parecer_2_etapa, parecer_3_etapa, parecer_4_etapa, nao_informar_educacenso, tipo_mediacao_didatico_pedagogico, tipo_boletim_diferenciado, dias_semana, atividades_complementares, atividades_aee) VALUES (726, 4259, 4259, 10, 13951, null, '7º Ano 702', '702', 35, 0, '2017-12-18 22:02:18.193814', '2018-03-27 16:42:05.289870', 1, 1, '12:55:00', '16:55:00', '15:00:00', '15:25:00', null, null, 1, 1181, null, null, true, 1, 2, 2018, -1, 0, null, null, null, null, null, null, 0, 0, 0, 0, 0, 0, 0, 0, 0, 0, 0, null, null, null, null, null, null, null, 0, 1, null, null, null, null);
INSERT INTO pmieducar.turma (cod_turma, ref_usuario_exc, ref_usuario_cad, ref_ref_cod_serie, ref_ref_cod_escola, ref_cod_infra_predio_comodo, nm_turma, sgl_turma, max_aluno, multiseriada, data_cadastro, data_exclusao, ativo, ref_cod_turma_tipo, hora_inicial, hora_final, hora_inicio_intervalo, hora_fim_intervalo, ref_cod_regente, ref_cod_instituicao_regente, ref_cod_instituicao, ref_cod_curso, ref_ref_cod_serie_mult, ref_ref_cod_escola_mult, visivel, tipo_boletim, turma_turno_id, ano, tipo_atendimento, turma_mais_educacao, atividade_complementar_1, atividade_complementar_2, atividade_complementar_3, atividade_complementar_4, atividade_complementar_5, atividade_complementar_6, aee_braille, aee_recurso_optico, aee_estrategia_desenvolvimento, aee_tecnica_mobilidade, aee_libras, aee_caa, aee_curricular, aee_soroban, aee_informatica, aee_lingua_escrita, aee_autonomia, cod_curso_profissional, etapa_educacenso, ref_cod_disciplina_dispensada, parecer_1_etapa, parecer_2_etapa, parecer_3_etapa, parecer_4_etapa, nao_informar_educacenso, tipo_mediacao_didatico_pedagogico, tipo_boletim_diferenciado, dias_semana, atividades_complementares, atividades_aee) VALUES (723, 4259, 1, 5, 13951, null, '5º Ano 501', '5º Ano 501', 35, 0, '2017-12-18 22:02:18.103812', '2018-04-01 14:42:32.378131', 1, 1, '07:30:00', '11:30:00', '09:00:00', '09:15:00', null, null, 1, 1180, null, null, true, 1, 1, 2018, -1, 0, null, null, null, null, null, null, 0, 0, 0, 0, 0, 0, 0, 0, 0, 0, 0, null, null, null, null, null, null, null, 0, 1, null, null, null, null);
INSERT INTO pmieducar.turma (cod_turma, ref_usuario_exc, ref_usuario_cad, ref_ref_cod_serie, ref_ref_cod_escola, ref_cod_infra_predio_comodo, nm_turma, sgl_turma, max_aluno, multiseriada, data_cadastro, data_exclusao, ativo, ref_cod_turma_tipo, hora_inicial, hora_final, hora_inicio_intervalo, hora_fim_intervalo, ref_cod_regente, ref_cod_instituicao_regente, ref_cod_instituicao, ref_cod_curso, ref_ref_cod_serie_mult, ref_ref_cod_escola_mult, visivel, tipo_boletim, turma_turno_id, ano, tipo_atendimento, turma_mais_educacao, atividade_complementar_1, atividade_complementar_2, atividade_complementar_3, atividade_complementar_4, atividade_complementar_5, atividade_complementar_6, aee_braille, aee_recurso_optico, aee_estrategia_desenvolvimento, aee_tecnica_mobilidade, aee_libras, aee_caa, aee_curricular, aee_soroban, aee_informatica, aee_lingua_escrita, aee_autonomia, cod_curso_profissional, etapa_educacenso, ref_cod_disciplina_dispensada, parecer_1_etapa, parecer_2_etapa, parecer_3_etapa, parecer_4_etapa, nao_informar_educacenso, tipo_mediacao_didatico_pedagogico, tipo_boletim_diferenciado, dias_semana, atividades_complementares, atividades_aee) VALUES (731, 4259, 1, 1, 13951, 13, '1º Ano 101', '1º Ano 101', 28, 0, '2017-12-18 22:02:18.301586', '2018-04-01 14:43:47.116640', 1, 1, '07:30:00', '11:30:00', '09:00:00', '09:15:00', null, null, 1, 1180, null, null, true, 36, 1, 2018, -1, 0, null, null, null, null, null, null, 0, 0, 0, 0, 0, 0, 0, 0, 0, 0, 0, null, null, null, null, null, null, null, 0, 1, null, null, null, null);
INSERT INTO pmieducar.turma (cod_turma, ref_usuario_exc, ref_usuario_cad, ref_ref_cod_serie, ref_ref_cod_escola, ref_cod_infra_predio_comodo, nm_turma, sgl_turma, max_aluno, multiseriada, data_cadastro, data_exclusao, ativo, ref_cod_turma_tipo, hora_inicial, hora_final, hora_inicio_intervalo, hora_fim_intervalo, ref_cod_regente, ref_cod_instituicao_regente, ref_cod_instituicao, ref_cod_curso, ref_ref_cod_serie_mult, ref_ref_cod_escola_mult, visivel, tipo_boletim, turma_turno_id, ano, tipo_atendimento, turma_mais_educacao, atividade_complementar_1, atividade_complementar_2, atividade_complementar_3, atividade_complementar_4, atividade_complementar_5, atividade_complementar_6, aee_braille, aee_recurso_optico, aee_estrategia_desenvolvimento, aee_tecnica_mobilidade, aee_libras, aee_caa, aee_curricular, aee_soroban, aee_informatica, aee_lingua_escrita, aee_autonomia, cod_curso_profissional, etapa_educacenso, ref_cod_disciplina_dispensada, parecer_1_etapa, parecer_2_etapa, parecer_3_etapa, parecer_4_etapa, nao_informar_educacenso, tipo_mediacao_didatico_pedagogico, tipo_boletim_diferenciado, dias_semana, atividades_complementares, atividades_aee) VALUES (733, 4259, 4259, 5, 13951, null, '5º Ano 502', '', 35, 0, '2017-12-18 22:02:18.318705', '2018-04-01 14:45:27.907902', 1, 1, '13:00:00', '17:00:00', '14:30:00', '14:45:00', null, null, 1, 1180, null, null, true, 1, 2, 2018, -1, 0, null, null, null, null, null, null, 0, 0, 0, 0, 0, 0, 0, 0, 0, 0, 0, null, null, 20, null, null, null, null, 0, 1, null, null, null, null);
INSERT INTO pmieducar.turma (cod_turma, ref_usuario_exc, ref_usuario_cad, ref_ref_cod_serie, ref_ref_cod_escola, ref_cod_infra_predio_comodo, nm_turma, sgl_turma, max_aluno, multiseriada, data_cadastro, data_exclusao, ativo, ref_cod_turma_tipo, hora_inicial, hora_final, hora_inicio_intervalo, hora_fim_intervalo, ref_cod_regente, ref_cod_instituicao_regente, ref_cod_instituicao, ref_cod_curso, ref_ref_cod_serie_mult, ref_ref_cod_escola_mult, visivel, tipo_boletim, turma_turno_id, ano, tipo_atendimento, turma_mais_educacao, atividade_complementar_1, atividade_complementar_2, atividade_complementar_3, atividade_complementar_4, atividade_complementar_5, atividade_complementar_6, aee_braille, aee_recurso_optico, aee_estrategia_desenvolvimento, aee_tecnica_mobilidade, aee_libras, aee_caa, aee_curricular, aee_soroban, aee_informatica, aee_lingua_escrita, aee_autonomia, cod_curso_profissional, etapa_educacenso, ref_cod_disciplina_dispensada, parecer_1_etapa, parecer_2_etapa, parecer_3_etapa, parecer_4_etapa, nao_informar_educacenso, tipo_mediacao_didatico_pedagogico, tipo_boletim_diferenciado, dias_semana, atividades_complementares, atividades_aee) VALUES (720, 4259, 1, 4, 13951, null, '4º Ano 401', '4º Ano 401', 31, 0, '2017-12-18 22:02:17.993246', '2018-04-01 14:46:58.995041', 1, 1, '07:30:00', '11:30:00', '09:00:00', '09:15:00', null, null, 1, 1180, null, null, true, 1, 1, 2018, -1, 0, null, null, null, null, null, null, 0, 0, 0, 0, 0, 0, 0, 0, 0, 0, 0, null, null, null, null, null, null, null, 0, 1, null, null, null, null);
INSERT INTO pmieducar.turma (cod_turma, ref_usuario_exc, ref_usuario_cad, ref_ref_cod_serie, ref_ref_cod_escola, ref_cod_infra_predio_comodo, nm_turma, sgl_turma, max_aluno, multiseriada, data_cadastro, data_exclusao, ativo, ref_cod_turma_tipo, hora_inicial, hora_final, hora_inicio_intervalo, hora_fim_intervalo, ref_cod_regente, ref_cod_instituicao_regente, ref_cod_instituicao, ref_cod_curso, ref_ref_cod_serie_mult, ref_ref_cod_escola_mult, visivel, tipo_boletim, turma_turno_id, ano, tipo_atendimento, turma_mais_educacao, atividade_complementar_1, atividade_complementar_2, atividade_complementar_3, atividade_complementar_4, atividade_complementar_5, atividade_complementar_6, aee_braille, aee_recurso_optico, aee_estrategia_desenvolvimento, aee_tecnica_mobilidade, aee_libras, aee_caa, aee_curricular, aee_soroban, aee_informatica, aee_lingua_escrita, aee_autonomia, cod_curso_profissional, etapa_educacenso, ref_cod_disciplina_dispensada, parecer_1_etapa, parecer_2_etapa, parecer_3_etapa, parecer_4_etapa, nao_informar_educacenso, tipo_mediacao_didatico_pedagogico, tipo_boletim_diferenciado, dias_semana, atividades_complementares, atividades_aee) VALUES (724, 4259, 1, 3, 13951, null, '3º Ano 301', '3º Ano 301', 35, 0, '2017-12-18 22:02:18.134369', '2018-04-01 14:48:00.524594', 1, 1, '07:30:00', '11:30:00', '09:00:00', '09:15:00', null, null, 1, 1180, null, null, true, 1, 1, 2018, -1, 0, null, null, null, null, null, null, 0, 0, 0, 0, 0, 0, 0, 0, 0, 0, 0, null, null, null, null, null, null, null, 0, 1, null, null, null, null);
INSERT INTO pmieducar.turma (cod_turma, ref_usuario_exc, ref_usuario_cad, ref_ref_cod_serie, ref_ref_cod_escola, ref_cod_infra_predio_comodo, nm_turma, sgl_turma, max_aluno, multiseriada, data_cadastro, data_exclusao, ativo, ref_cod_turma_tipo, hora_inicial, hora_final, hora_inicio_intervalo, hora_fim_intervalo, ref_cod_regente, ref_cod_instituicao_regente, ref_cod_instituicao, ref_cod_curso, ref_ref_cod_serie_mult, ref_ref_cod_escola_mult, visivel, tipo_boletim, turma_turno_id, ano, tipo_atendimento, turma_mais_educacao, atividade_complementar_1, atividade_complementar_2, atividade_complementar_3, atividade_complementar_4, atividade_complementar_5, atividade_complementar_6, aee_braille, aee_recurso_optico, aee_estrategia_desenvolvimento, aee_tecnica_mobilidade, aee_libras, aee_caa, aee_curricular, aee_soroban, aee_informatica, aee_lingua_escrita, aee_autonomia, cod_curso_profissional, etapa_educacenso, ref_cod_disciplina_dispensada, parecer_1_etapa, parecer_2_etapa, parecer_3_etapa, parecer_4_etapa, nao_informar_educacenso, tipo_mediacao_didatico_pedagogico, tipo_boletim_diferenciado, dias_semana, atividades_complementares, atividades_aee) VALUES (730, 4259, 1, 2, 13951, null, '2º Ano 202', '2º Ano 202', 30, 0, '2017-12-18 22:02:18.293237', '2018-04-01 14:52:34.406292', 1, 1, '13:00:00', '17:00:00', '14:30:00', '14:45:00', null, null, 1, 1180, null, null, true, 36, 2, 2018, -1, 0, null, null, null, null, null, null, 0, 0, 0, 0, 0, 0, 0, 0, 0, 0, 0, null, null, null, null, null, null, null, 0, 1, null, null, null, null);
INSERT INTO pmieducar.turma (cod_turma, ref_usuario_exc, ref_usuario_cad, ref_ref_cod_serie, ref_ref_cod_escola, ref_cod_infra_predio_comodo, nm_turma, sgl_turma, max_aluno, multiseriada, data_cadastro, data_exclusao, ativo, ref_cod_turma_tipo, hora_inicial, hora_final, hora_inicio_intervalo, hora_fim_intervalo, ref_cod_regente, ref_cod_instituicao_regente, ref_cod_instituicao, ref_cod_curso, ref_ref_cod_serie_mult, ref_ref_cod_escola_mult, visivel, tipo_boletim, turma_turno_id, ano, tipo_atendimento, turma_mais_educacao, atividade_complementar_1, atividade_complementar_2, atividade_complementar_3, atividade_complementar_4, atividade_complementar_5, atividade_complementar_6, aee_braille, aee_recurso_optico, aee_estrategia_desenvolvimento, aee_tecnica_mobilidade, aee_libras, aee_caa, aee_curricular, aee_soroban, aee_informatica, aee_lingua_escrita, aee_autonomia, cod_curso_profissional, etapa_educacenso, ref_cod_disciplina_dispensada, parecer_1_etapa, parecer_2_etapa, parecer_3_etapa, parecer_4_etapa, nao_informar_educacenso, tipo_mediacao_didatico_pedagogico, tipo_boletim_diferenciado, dias_semana, atividades_complementares, atividades_aee) VALUES (729, 4259, 1, 2, 13951, null, '2º Ano 201', '2º Ano 201', 30, 0, '2017-12-18 22:02:18.283354', '2018-04-01 14:53:40.058570', 1, 1, '07:30:00', '11:30:00', '09:00:00', '09:15:00', null, null, 1, 1180, null, null, true, 36, 1, 2018, -1, 0, null, null, null, null, null, null, 0, 0, 0, 0, 0, 0, 0, 0, 0, 0, 0, null, null, null, null, null, null, null, 0, 1, null, null, null, null);
INSERT INTO pmieducar.turma (cod_turma, ref_usuario_exc, ref_usuario_cad, ref_ref_cod_serie, ref_ref_cod_escola, ref_cod_infra_predio_comodo, nm_turma, sgl_turma, max_aluno, multiseriada, data_cadastro, data_exclusao, ativo, ref_cod_turma_tipo, hora_inicial, hora_final, hora_inicio_intervalo, hora_fim_intervalo, ref_cod_regente, ref_cod_instituicao_regente, ref_cod_instituicao, ref_cod_curso, ref_ref_cod_serie_mult, ref_ref_cod_escola_mult, visivel, tipo_boletim, turma_turno_id, ano, tipo_atendimento, turma_mais_educacao, atividade_complementar_1, atividade_complementar_2, atividade_complementar_3, atividade_complementar_4, atividade_complementar_5, atividade_complementar_6, aee_braille, aee_recurso_optico, aee_estrategia_desenvolvimento, aee_tecnica_mobilidade, aee_libras, aee_caa, aee_curricular, aee_soroban, aee_informatica, aee_lingua_escrita, aee_autonomia, cod_curso_profissional, etapa_educacenso, ref_cod_disciplina_dispensada, parecer_1_etapa, parecer_2_etapa, parecer_3_etapa, parecer_4_etapa, nao_informar_educacenso, tipo_mediacao_didatico_pedagogico, tipo_boletim_diferenciado, dias_semana, atividades_complementares, atividades_aee) VALUES (710, 17219, 4269, 13, 3, null, 'NÍVEL III ', '', 16, 0, '2017-12-18 18:01:46.192479', '2018-07-05 16:10:28.531360', 1, 1, '07:40:00', '11:40:00', '09:00:00', '09:00:00', null, 1, 1, 2, null, null, true, 47, 1, 2018, null, null, null, null, null, null, null, null, null, null, null, null, null, null, null, null, null, null, null, null, null, null, null, null, null, null, 0, 1, null, null, null, null);
INSERT INTO pmieducar.turma (cod_turma, ref_usuario_exc, ref_usuario_cad, ref_ref_cod_serie, ref_ref_cod_escola, ref_cod_infra_predio_comodo, nm_turma, sgl_turma, max_aluno, multiseriada, data_cadastro, data_exclusao, ativo, ref_cod_turma_tipo, hora_inicial, hora_final, hora_inicio_intervalo, hora_fim_intervalo, ref_cod_regente, ref_cod_instituicao_regente, ref_cod_instituicao, ref_cod_curso, ref_ref_cod_serie_mult, ref_ref_cod_escola_mult, visivel, tipo_boletim, turma_turno_id, ano, tipo_atendimento, turma_mais_educacao, atividade_complementar_1, atividade_complementar_2, atividade_complementar_3, atividade_complementar_4, atividade_complementar_5, atividade_complementar_6, aee_braille, aee_recurso_optico, aee_estrategia_desenvolvimento, aee_tecnica_mobilidade, aee_libras, aee_caa, aee_curricular, aee_soroban, aee_informatica, aee_lingua_escrita, aee_autonomia, cod_curso_profissional, etapa_educacenso, ref_cod_disciplina_dispensada, parecer_1_etapa, parecer_2_etapa, parecer_3_etapa, parecer_4_etapa, nao_informar_educacenso, tipo_mediacao_didatico_pedagogico, tipo_boletim_diferenciado, dias_semana, atividades_complementares, atividades_aee) VALUES (714, 17219, 4269, 13, 3, null, 'NÍVEL III ', '', 18, 0, '2017-12-18 18:01:46.460686', '2018-07-05 16:10:46.958293', 1, 1, '07:40:00', '11:40:00', '09:00:00', '09:15:00', null, 1, 1, 2, null, null, true, 47, 2, 2018, null, null, null, null, null, null, null, null, null, null, null, null, null, null, null, null, null, null, null, null, null, null, null, null, null, null, 0, 1, null, null, null, null);